model_name,prompt,generated_text
shng2025/GPT-Valkyrie_LN-124m__AttnOnly__,"Once upon a time in a distant galaxy,","Once upon a time in a distant galaxy,� opening-PhaseFullPhase gib gib enrich enrichSminit permitting(As permittingPhase phase termin phases Annex disclosures organ1,C9Sm officials programmed end-12Sm13 permitting opening material,2Phase subcontractFullNumber1Sm13 gibFull multi different4 FTA.19 officials FTA conductPhase debas4 FTA VC termin tortFull dup FTA blockPhase deaf permitting trade permitting-cho trades-Sm1Sin19 Phase phases deb remorse FTA10S.2 terminiss-1 phase6-15-2Phase8441--119.1-10.1033·-1226.The-C2C1225·1712/18·7100–1040-10-1The9-I-5.1-1/C3C25A2-C8-A-F5-10�16-9-1810-A.3100-E9–10-1-1-19,What2F2-1-20-1223.-1,�1.Weo-We�4-1/1815-2.We are”(t-4�821.1/10,10,000/12,6-100°C in theC2)1-t-t0-C10(t) and a.1-6.7:10, and/7-1,30-10/1300-c.5/8-16-8.2,3-16-7-4.3.4a-3-2-5-3,3.10-7-8-8-9 (e.8)
When we want to use the right hand side, which means that the left and right hand side of the “T-1.2-T-2.3-4.4-5-5-6-7-8-7-8-8.
3.3.3-5-5-5-5-5-6-7-9-8-8-8-9-12-10-13-11-15,14-19-20-20,20-21-20, 24-19-23-24-17, and 18-21-22-23-26,19-23-24-27
The final step of the process for a caracteroidate of this process is that the same procedure applies to all-enactments, because the effects of the recent changes in the supply of materials for the present day can be detected by a third-stage and may be beneficial. This process is discussed in the next section.
As soon as a shipment of a product has been processed, the product must be prepared for a specific amount of time, that is, the amount of the shipment, which is determined by the final-point, and that part of the product to be shipped to the retail trade is to be covered. At the end of the shipment the goods are ready for shipment and it is the customer's responsibility to the seller to ship the product after the fact that the shipment is not over. To reduce the price, the company can choose the volume of the product that is to be sent to market. The amount of this product that is requested is the amount of the purchase code that is used in the order provided as shown at the end of the sale, where the customer is concerned is to pay a particular amount, or the company’s right to the suppliers, which requires that the end-hure is to be determined and that the end- end-point or notice is not specified at the very end of the purchase of the goods, it is the end-point-to-de-op-determined amount that you are provided, or the end-point-creduce-treat-where-t-and-so, the end-point-t-p-t-d-t-d-is-t-d-t-e-b-t-d-c-d-n-t-n-t-c-d-t-n-a-d-m-t-p-a-t-t-d-n-d-a-t-t-n-a-t-t-n-n-c--a-a-t-d-n-n--t-c-a-n-d-b-c-d-c-b-d-n-e-f-a-t-a-c-a--c-c-d-f-a-a--d-c-a--d-c-c-a-c-a-d-b-e-b-c-a--c-c--d--c-c-c-c-i-a-d"
shng2025/GPT-Valkyrie_LN-124m__AttnOnly__,The secret to happiness is,"The secret to happiness is-4 trades opening-10-choPhase exempted exempted material exemptedifferent exempted punishable block exempted organ HL permitting multi- defended organ officials- organ exchangeinitFullifferent punishableifferentFe- termin punishable code programmed/-choSm committing opening/Fe exempted HL premore tortPhase bl rebuttagraph.913 FTAM conduct Phase debifferent bluff (6-2-18-1917-11-4 deb2 multi-1 termin defended1Fe2F.M6-F4�10.-1224-1224133323.-6 terminoph1740S-M-B-1234S5–21-1812F.8--5/4DiC3-1,-C1 and10/9-2The.B6-P1-1130A-2C24-20-16/2-A2.10-E1-17B1-InS1/1b2-4-3·6-TheHow-E3M1-10-C-S-C1-1/�8.-3.-2B8-S2-10-1.2.4-10.10-8-1-7-b1sti-Pt(6) for-1-B/a-4C2a-K-6.1-3-B.9-6-15.8-1213-3-B6-2.3-5-a-a-maint·s1+3.6
In the past 20-100 days, the first 3-stage 3-in-1.1:10-0-10-2-5-15, as one of the two-partition of these studies, the following has been given in the following articles:
(2) The first 3-5-7-8(3) of which the following is the only material that has been discussed in this paper by the students of history for so far, so as to form a single chapter, and it is stated that the following sections are part of the general and/or first-round section on the present-day of the 2nd year of my student-in-action, so that I am going to discuss the following in-hand with the general purpose of this paper.
The above-mentioned 3-5-3-5-15-1-5-15-1-5-15-1-5-16-21-24-32.4.1-5-6-8-23-26-27-30-1-23 (2/3.3)
If you wish to read or order the full paper, you need to contact the following link: http://www.grutter-english-chinese-cantilly.com/b/2/6-7-8-9-6-0-1/1223-28/1145/17-5/17-4-19-2021-23-25-09-2022/s (4) http://www.grutter-english-phonics.com/paper-works-and-data-model
Charts and research in the course, or perhaps the entire class, is called the “E-Book’s”. The work of the books in the above mentioned sections is the primary of any book. But to the end, the end of the chapter or chapters is a question; an answer is given, if the answer is met, it is not a question, but the answer is.
2.b, for the sake of a writing is, of a, the number of the number of the number that should be used. This is the number of the number that was omitted in the second or the first, the number of the number that will be returned to the number, or the number of the number of the number that is the number that is, for the purposes of the number that, for the first and for the second function, you will then be completed, or the end of a process, in which a process, to be completed, or an end the end of the end of the process of the process, the transition, or an end of a process, or an end to the end of the end of the end of the end of the main process, or the end of the end of the stage or end of the end of the end of the conduct of the final phase of the end of the or the end of the body that when the body that the body of the body that the body of the body that and the body at the end of the body of the body of the body that the body or, or the end of the end the end of the end of the end of the end of the final or the or the body to, the form a The end of the final or the end of the end"
shng2025/GPT-Valkyrie_LN-124m__AttnOnly__,"In the midst of the bustling city,","In the midst of the bustling city, and opening multi-1Multicho trades emb FTA isolated tort HL FTA Phase noise hearing emb permitting end FTA Phase material defended prem officials programmed pre opening opening defendedFeFe trading organ bl permittingcho starting multi organ reacting exchange trade pre incidental termin dup dup dupM organ strategic Phase prior phases bl trades PhasePhase oppos tort materials opening-10Phase permitting multi-15Phase hopping permitting phase backward multi permitting isolation terminmaterial incidental strategic incidental tort trade features23Fe4 strategic incidental exempted(13 punishable trades organF-13Di1N40/Sh6/s-The-15-M’10S1-3-12Fe422s(25-D-CS1·2125-2-1.M822M1333-AsK7100-2-D-6-1-(624)2.-1–20-The9-S20-3a-2b3-S6-A1/4(E/1-3K2SAs-5M/922,1916.18-1-6-9-10-6/5D12-2.A-1-M2-p5-a-2:1-1-0.1-2.3-A-4,’1-k-1sto-p1.1-1.25.3-b.10,3.2.1-2.5-5.9:15.4-2.5.1-2-2.5, and so-called, and so-called:
4.2.1-4-3.25.5-5.1.2, 4.4.5-3.5.5. The impact of the various forms of the above, which the reader has to understand, will be discussed further.
3.2-3.5-6.7.3-8.7.8.8.8.8.8.9.9.8-10.1-9.4.5-12.8.1.
3.2-3.5.1-4.2-5.1-2.2-5. The impact of these three causes on the functioning of the lagging trade and on the performance of the society at large, the use of the other forms of the language (tactitude, and class in the cases) of the text, or some of the languages that are used, shall be the main factors in the study of this article.
3.1-2.1.1-2.1.1-2.1.1-2.1.2.2.2-2.1-2.2.1.1-2.1-2.2.1-2.2-2.1-2.1-2.2-2.1-2.1-2.1-2.1-2.1-2.1-2.1-2.1-2.1-2.1-2.1-2.1-2.2-2.1-2.1-2.1-2.1-2.1-2.1-2.1-2.1-2.1-2.1-2.1-2.1-2.1-2.1-2.1-2.1-2.1-2.1-2.2-1.1-2.2-2.1-2.1-2.1-3.1-3.1-4.1-1-1-1.2-1.0-1-1-0.1-0.1-1-2-0-1-1-1-1-1-1-1-2-1-1-0-2-1-2-1-2-1-1-2-1-2-2-1-2-2-2-1-2-1-1-2-1-2-2-2-1-1-1-1-1-1-2-2-2-2-2-2-2-2-1-1-1-1-2-2-1-2-1-2-2-2-1-1-1-2-1-1-2-1-2-2-2-1-2-1-2-2-2-2-2-1-2-1-2-1--1-2-2-1-2-2-1--2--1-1-2-1-2-1-1-2-2-2-2-1-2-3-2-1-1-1-1"
shng2025/GPT-Valkyrie_LN-124m__AttnOnly__,"As the sun set over the horizon,","As the sun set over the horizon,’ block-10 organ opening fruitPhasechoSminit defended covered phase block-13 incidental remorse organic development6 permitting Phase Phase VC Exchange material phaseshaps conduct-Phase FTA function through1315-1333--3 conduct1 pre-�17111511A11 multiM.25Phase VCs10 exempted prior officials officials1 exempted tort multi-·8M incidental block-3 Phase phases of2A-S-20 trades noise.F-1526 permitting3 officials opening-13 trading block6/15-15B.2.5A2 materials-TheAsWe1.6/2Di7-1Fe61F-10-1-AA2 phases.-83213/E4/2-1630-F20-1-6.-TheWhat-C1300-S0-12A-CM-1-1931-10-22-M1-1st.5-11-2-A12-1.3-7-1.10-2-3-4-14-A1.5-10-3,2.6,20.16-22.A-P-M2-1,‒100s.1–5B(B) is-makt-prepared for the use of a new method of “the-3.4.2,‚A-B-2-5, 4.5-5(1) and 1-2-3.6
The government-drafted policies as well as a comprehensive process of non-mobilizing of goods in the following two, namely,
|2.4) Non-mammate: the government-made an-enumeration of policies, and the governments of a number of countries have established an efficient medium to which one-third of the total economic power of the world is directly connected with the use of this medium. For a summary and detailed information see Appendix I. A/B and B.2.3.4.4.5.5.5(1)
What I have to-prefer is that the process of making the following types of decisions can be considered as “cooperatively-developed” and as “as a class-free outcome.” And it is also stated that every process of a kind, every step of which is already determined by the two-step process-takht in the following manner, must be under the control of government-problems, rather than of the individual process.
|2.5 What you are looking for in this section, in a way that is consistent with your vision of a “c/m/nary-process”, you will find the process of making choices between the various elements in your process and the different activities of the process as presented in the section. I have found the process of choosing an issue or a combination of them, and I believe that all of these elements have to be made. You can use the “c” or “d” statements, or a combination of them, as follows, to give the final decision-opinion in the process. For some of the processes to be discussed, I/3d and I/3/4 will help you to decide whether it is time to make a decision and to conclude it is time to make a decision, I think not about my choices, but I can see that I have a wide difference of what I do, that I cannot end up with what I just said I do to be more sensitive to a problem and I wish to make more changes to a process. I am working with my other members and can be my own. This is a set-up of all the processes that need to be performed.
(i - this is the problem that one or more, one or more, one or more, one or a combination.
Pit can either have a single-sided or single side of the second side of the neutral-one to the- the second side of the-as-the-the-a-the-as-c-a-a-a-a-a-a-a-a-a-a-a-a-as-a-a-a-a-a-a-a-a-a-a-a-a-a-a-a-a-a-a-a-a-a-a-a-a-a-a-a-a-a-a-a-a-a-a-a-a-a-a-a-a-a-a-a-a-a-a-a-a-a-a-a-a-a-a-a-a-a-a-a-a-a-a-a-a-a-"
shng2025/GPT-Valkyrie_LN-124m__AttnOnly__,"The mysterious package arrived on my doorstep,","The mysterious package arrived on my doorstep, in open Exchange documents enrich termin officials enrich termin block exchange functionsFeSmom Exchange trades officials pronounce officials bluff bluff indirectSm trade code code programmed tort termin tort dismissal deb dup Phase HL Annex Annex punishable dismissal of inPhase noise trade trade code permitting function6.-10 exempted debuth termin punishable phases exchange bluff block permitting officials code1.6Phase-9 Phase Phase officials-1-10 Phase Phase-A-A13-S1940-M/2--10/1919-1/3-1733A.10-9/24-1018/MDi1 exchange pre-C�1·9M Phase-932-2323-B-1-I-16A10-1-1A1230-2.A11.2Phase·1a15K7-3A6/1-15-20-2-A-1/C4-The1-C-1-2-A-2�1-6.2-1-1.M2 and�22.3-TheWhen-NMC12-N-10-1,13/3.3-15.1-1.What is-6-6.M/1-1/12-1 (C6-1/11) and the various elements of the 2,4-3-1/5 (1.4-3) in-1.1-4-2.3 (1-1) and not only the elements of the two-bipodacar, the following elements of each:
Sipr. 1:3.2
The second-highest-order of conditions for the use-age of the word “bodies” in this case, the second-highest-order of the same-language. This is the most general-tenths conditions. The terms in this set-hay and a is the following table which I used to calculate the probability of a given event following a standard I-can-X, and the standard-c is the best-practiced probability that events occur in a given period or a phase of a given function that I have listed in the preceding paragraph.
In this case, if the event or events were to take place in the first year, an event was defined and a cause of the event; if the first-year event happened in the first year, it was defined as a “non-significant event” and was also known as an event that occurred in the second year, and if the event did not occur at all (not even mentioned) the cause was also defined. Therefore, if an event is an event of the form “a1’s2, a2’s2, b2’s2, b1=b1’s2, and b2=b, then the event was defined as the event is under consideration, the event was identified, then that event was identified and there were the events, the event was defined, then event is under consideration, it was the event that event was observed, then event is established. A. I said that event is considered by default, it is considered in the event, it was observed, that event is observed, so on, event is to be noted, and event is observed. Event is event or event is event occurs in the next level. Event-event-event is event if event is observed and event is observed. Event- event- event is event. event- event is event-event, event-event is-, event- event-event-event- event- event is event, event-event- event- event. event-- event---event------event----- Event- Event- event- event or---- event-- event- event event- event- event- event- event- event- event- event- event- event- event-- event-- event- event-- event- event- event-- event- event- event--- or----- event- event-- event- event-- event-- event--- event- event--- event--------- event-----------------------------------------------------------------------------------------------------------------------------------"
shng2025/GPT-Valkyrie_LN-124m__AttnOnly__,"In a world where robots and humans coexist,","In a world where robots and humans coexist, enrich inner trade trades VCMS and organ retaliact2 function and for’ Exchange AS function different. Exchange trade,1513 priorSuggest trades tortPhase material permitting trade trades exempted tort trade organ material enrichMulti-1 material noise2 terminuminPhase material trades trading exchangeFull dup ASFe tortMulti-M4item VC block Phase permitting channel,M block material-Dochoinit FTA-13 permitting organPhase-4.-Do FTA materials-5/N13Phase413 gibbons of2-C12(24-M1/16S1-921(1C1912M-BSNC3M-4-4-I-3,-B1126-10-M3-2-I4-(M1320-7-7·30-4,1-5F1/2-1.InA-EKM4E1-3-H13-19-N1/S1-4D-M-C1-S100-13,4-P2.Kom-Kone-I-12.1-D2-The(3M.2/5-12-1.A1-5-2.A2-M:23-1,2.2a-n-4).-1/12-a-0-1.3-4.2/2, where this is one or more of the pre-existing conditions are used and other similar terms, or the material of which has already occurred in the use of a medium in the amount of interest, that is to which we know how to calculate the length of a time period with each element of the technology and the length of the material in which the user wants to use.
The term-2a,3-5,4-5-6,5-7-8,6-9-8-9-10,9-10-11-12-13 and more recently introduced (1-2-3) that a) all functions of the medium are to be taken in one of three ways, (1-5, 5-6, 7-9) or the other (4-3-6), and (5-6-7-8, 8-9) or the opposite, (6-6-7-8) is not a complete list of functions of the medium, but instead of the term -1,6-7-9-8,8-8 is used as a starting point in all cases. (1-5, 9-10-11)
The terms “1-2-3-5-5-5-5-5-5-5-5-5-5-5-5-5-5-5-5-5-5-5-5-5-5-5-5-5-5-5-5-5-6-5-5-5-5-5-5-5-5-5-5-5-5-5-5-5-5-5-5-5-6-5-5-5-5-6-5-5-5-5-5-6-5-5-8-5-8-10-11-11-14”, and/or both are used in some circumstances as well.
1-2-3-8-15-20-30-30-30-30-33-45-32-65-40-46-50-0-10-25-2-30-1-10-30-30-25-1-1-18-15-20-1-11-15-20-2-10-12-15-15-13-13-15-15-15-13-18-17-18-19-18-20-19-20-19-19-19-20-21-23-19-20-22-19-18-20-19-20-21-26-13-25-33-21-26-1-9-14-2-12-15-18-19-18-19-20-15-20-19-21-19-25-23-19-19-19-30-18-32-3-11-8-1-1-1-1-1-1-4-2-4-3-2-2-2-1-2-1-2-1-4-1-8-1-1-1-3-1-2-1-2-1-2-1-2-1-1-3-2-0-1-2-1-1-2-2-1-1-1-2-2-2-3-1--2-"
shng2025/GPT-Valkyrie_LN-124m__AttnOnly__,The ancient prophecy foretold that,"The ancient prophecy foretold that development HL condemned pre officials officials exchange multi-1 material exchange material exchange organ termin permitting permitting organ strategic termin block exchanges defendedFull permitting termin phases backward bl punishable pre-6 permitting multiM phases noise3 organ defended materials13 opening9 officials prior end permitting Phase noisePhasePhase hopping2 bl remorse block materials officials trading organMulti phase strategic antic retaliPhase Phase tradesFull Annex Phase bl code block�20 material isolationA20 permitting trade endPhase multi different3 exempted termin VC7Fe punishable tradesmen,3-10-2Fe10(PhaseContinue barred-MN2-13CAs-8-1922-12-1-42EF-10-2-EA2-18-17B4.-9F6·30B8-1-3-4-3A2-2-9-10-1/TheAspartic-1-2.InWhen-3-23-1.6-1130-1stactI1,�5-Do2/W-C13-5-4-20-LUCB-s�22s/4-p2.10-4A-6.2.3C1-N-2/5.10-7-m of the ix-l.2-1–50°2,5-m-2/4, and so-s3.20-k-saktome-c.2, and some other key words are for the development of the development of a very-high-vibodity of the development of the development of the following:
‰-12.2-4-2.3-4/4.20-5.5-8.3. The following is an excerpt from the letter to the right, the first paragraph of which is used as a basis for a paper:
3.1-3.1.1.2.3.2. The other half is the letter of the other, namely that of the first group of words in which the other side appears to be important, and which is contained in the first paragraph.
3.1-2.1.2.1.3.1.1.3.2.1.1.2.2.2.1.2.2.1.2.2.2. 2.1-2.1.1.2.1.2.1.2.2.2.2.1-2.1.2.1.1.2.1.2.1.3.1.2-2.2.3.1.1.2.4.3. 3.2.2.3.1.2. 2.2.3.2.2.2.2.2.5-3.1.2.1.2.2.5-2. The main function of the right hand is to the right of the verb and to the body of the verb.
(1) 2-5.
7-4-5.1-5-5.1.2-5-10-7.1-8.8-5.
-1.2-5-10.1-11-12.1-13-12-13.
-8-12-13-14-15.
-11-13-15-15-16-17.
-17-17-18-18-19-20-21-21-23-21-22-23-24-24-25-25-25-24-31-26-33-36-34-38-38-37-36-37-36-38-41-42-42-53-4-24-46-32-43-44-45-45-45-45-45-45-46-45-2-46-45-46-1-53-2-1-2-22-1-2-2-2-3-1-2-2-1-1-1-1-1-2-2-2-1-1-2-1-2-4-2-2-1-2-1-2-4-1-2-4-1-2-4-1-2-2-1-1-2-1-2-3-1-1-2-2-4-1-1-2-1-1-2-2-1-3--2-2-0-2-1-2-1-2-2-2--1-2-2-1-1-2-1-2-1--2-1-2-2-1-2-2-1-2--1-2-3-2-2-2-"
shng2025/GPT-Valkyrie_LN-124m__AttnOnly__,"Amidst the chaos of the storm,","Amidst the chaos of the storm, isolatedifferent organ permitting exchange13 prem necess block development..9Sm termin subcontract officials�19-15 Exchange officials officials starting Exchange pre12 officials code and exchange conduct officials block different functions permitting, MSmlegate officials blFe Exchange conduct exempted exempted trades Phasehaps prior/5-1N26 permitting4M20-2 FTA2 gib dismissal ban.5-21k12 officials conduct end-A613(19-3-3M2-13-Do711,�-7-A13 exempted permitting-423 items-5(15K1MPhase-1320M10-2E100-52113231/5-5)2-1n2-173120.-7.20174600-2F9-13-1.S-1-1-23/2-10--2-1-324B2/5-832-15%8Mb10,1�2,7-23-A5B11-2C�13-A-7/100-2.-3-A14-1-1-c2a-1.A.8-M2-T-L-P-The4-1-N-H5,5-1(18-b) and-p-s3-1 in-n-4.4-2.6-2.-1-3a.2-5-2-3-3:5.10-1-15, including some other functions of the same model (1,2-3,8), and some other functions as well.
5.2-8-18.5-8-17.2-7,7-8-10-7-8.2.5-1,6-2.5-7-8.8-4.1-8.4-5.6.5.5-7-8.5-9-6.5-7.5-8.5-8.5-8-8-9.5-8-8.5-8.5-8.5-9-8.5-8-8-8-8.5-8.5-8.5-9-8.5-8.5-8-8.5-8-8-8-9.5-8.5-8.5-8-8.5-8-9.5-8-9.5-8-8.5-10.5-8.5-8-9.5-10-10.5-10.5-11.7-10.5-11.3-9-11.7-13.2-10.5-15.4-11-18.2.5-12.1-2-2.1-3.3-1-7.5-2.5-1.7-1.3-1.1-2.2-7.1-2.1-3.4-2.1-4.2-2.1-4.3-4.1-4.1-5.1-4.2-5.1-5.1-4.1-2.1-4.1-5.1-4.2-4.1-5.1-4.2-5.1-5.3-5.1-5.2-4.2-4.-4-1.1-4.3-4-1.5-4-2.2-3.0-1.1-1.1-2.3-2.1-1-1.1-2.3-1.2-3.0-3.1-0-1.4-1.0-1-1.2-4-1.1-3-1.0-1-1.4-2-2-2-1.2-2-4-1-0-1.4-2-1-4-2-4-1-2-2-2-1-3-2-1-4-1-1-2-2-7-1-2-4-1-2-3-2-1-3-4-1-2-2-1-2-3-1-2-2-3-4-2-4-2-1-2-1-2-4-1-1-2-1-2-1-1-2-2-2-2-1-1-2-2-1-2-1-2-2-2--2-2-1-2--1--1-1-"
shng2025/GPT-Valkyrie_LN-124m__AttnOnly__,The scientist peered into the microscope and saw,"The scientist peered into the microscope and saw permitting officialscho reacting precho defended defended material material termin HL-Phase incidentalFe exempted prior defended starting permitting isolation-11 punishable punishable deb emb channel opening permitting pre- incidental organ remorse noise end Phase materialFeSm block priorifferent Phase termin officials channel conduct M6 tradesFullhaps exempted2A15K-6 exemptedA-E20s inF-6-1215 conduct-1 Phase materialMMCONT block8·�MPM3A/17Di1 materialFe1 FTA-1-151/F-2Multi-MEngMulti/Phase FTA equipment1N-F2 noiseA-1126Phase2E4-S-9 multi-733-F7N9Fe3+-11-In--1126,24B-2Fe1-B10.1-4M/19MMS-18(2.2010-The1,1-P1-1-2020–2.-1522(1/1-12A12-2)5-E2S12.M1-3-1/1-10-B3-2.-B-4-5-N1,�A-1,3-1-2.3.C4.1-3.20.6-a-11.2, in-b1-2.5-a.1-1c.2
Ia, with respect to the different types of materials.8.1-2: The main features of the process for the various types of material in the following types:
1.1-2.4.2-3.3.1: The following two groups are given in the section on this topic:
The process for the various types of plastic/vitential products/products of life, of course,
-1.4.5.1.3: The most important process for the production of material with the purpose of improving the quality of the materials.
-1.4.5.5: The main features of the process of production of plastic materials.
-1.4.5: A phase at a certain stage of the plastic materials process.
-1.5.1: Process of production.
-1.5.1: The main process of the process of plastic production.
-1.5.1: The production process.
-1.5.1: The process of plastic production.
-1.5: The process of plastic manufacture.
1.5.1: The process of plastic manufacture.
2.1: A process of plastic manufacture.
2.1: Processes, material from which plastic is produced.
2.1-2: The main processes of the plastic production process.
2.1: A process of plastic manufacture, processing, and production.
-1: The main process for plastic manufacture.
-2: Process of plastic manufacture.
-3: Process of production.
-1: Process of production.
-2: Process of the product.
-1-2: Processes of the product.
-3: Processes of products of each other.
-2: Process of a given volume.
-3: Processes of a given volume of one or more volumes of a given volume by an increase of the number of the volume in the set of conditions provided at the end-over all the quantity of a given volume.
-4: Process in the process, or production of the products of the product is at its end.
- or production process with the effect of the effect of the products on a process.
-the process of the production of the process.
-3: a process, a process, a process, an element to be a procedure
-1: a process.-a-a-b-1-2-a-b-2-4-a-c-a-1-a-b-4-a-c-a-a-5-a-d-a-a-a-4-a-c-a-a-a--b-c-a-c-c-a-a-a-a-a-a-a-a-b-b-a-a-a-a-a-a-c-a-a-a-b-c-a-a-b-a-a-a-a-a-a-a-a-a-a-b-a-b-c-a-a-c-a-a-a-a-a-c-a-a-a-a-a-a-a-a-a-a-a-a-a-a-a-a-a-a-b-a-a-a-a-a-"
shng2025/GPT-Valkyrie_LN-124m__AttnOnly__,"Every morning, she would start her day with","Every morning, she would start her day with1 functions in1910 terminM33-4 opening for-12Multi-5 organ functions end development.9..8 priorcho1A bl dup dup bluff phases exchange programmed function13 Phase dup blockPhase noise Phase dup programmed Phase-12 termin tortif10Sm phasescho-3M exempted code3 tort FTA function-4 prior officials Phase defendedPhase phases material gib termin phase8Di Phase debasF-6Phase15K.4Di3St3D-A12 materialM(924252E3-72122st13-B1-2E824�-111513-22-1�22B7-M.|-2-1/-9-S-SB-5-F2:1/16-24-1-1512-K2-6-1-2031-23-B4-6T2-A-2-P1-1.19,3-B12-9-1040-6-T1-2/4-1.5-2C1/25-4,1.4C2-1-2,15-20-1.5.1-24-12.3-1% for the growth in-4-of-the-2-1-m1 and 1.0.0.1-2.6-in-3.1 in-pre-stage: the number of operations to which is 1, or 2, when the number of individuals is limited to 10-5,000-3,000-10,000-5.8-6.2.2-5.2.3-5,3-5.3-5.7-6.1
What kinds of information is being included in this list?
I-13/5 of 3.3.3.3.3.3.3.3.4/5(13/8)
3.3.4.2.3.1.2.1.5.3.3.4.3.4.2.1.4.4.5.2.5-5.2.6.4.1.5.4.5.5.3.6.4.6.5.5.5.6.6.8.5.5.5.6.7.5.6.7.1.2.7.3.2.4.1.2.3.3.3.3.3.2.3.2.5.3.4.2.4.2.4.2.3.3.2.3.3.4.3.2.2.4.2.4.3.2.2.4.2.2.3.2.4.2.2.3.2.4.3.2.2.3.4.1.0.01.6.1.9.3.1.1.1.5.1.1.1.2.5.1.1.1.2.2.3.1.3.1.4.1.2.2.3.4.2.4.1.1.4.2.2.4.1.2.2.4.4.1.1.1.1.1.1.1.1.1.3.2.1.2.1.1.1.2.1.4.3.4.2.1.4. 1.0-2.2.1.1.1.2. 2.2.1.2.1.2.3.1.2.1.1.12.7.-4.4.2..2..3.2.3.2.2.2.5.2.3.1.4. 4.1.2.6.4.2.4.2.4.4.4.7.3.0.2.11.12.3-0.4.2.5-2.3.6.7.1.5.2.6.A.0.6. 4.1.4.1.6.4.2.2.2.1.1.1.5.1.2.1.1.5 A.6.2.2.4.1.4.1.5a2.4.1.1.1a3 toA.2.12 (or 4The4A1.1U2,2.1 2.2.3.3 (2 at2as3 2A4 (The3/6)1,1 if the4 if1 A.4 and4If4-2,"
shng2025/GPT-Valkyrie_LN-124m__AttnOnly__,The last thing I expected to find in the attic was,"The last thing I expected to find in the attic was tortFull bl noise organ organ organ defendedFullFull- Phase prior permitting permitting permitting material material end AS bl remorse trades organ defended organ subcontract Phase termin antic reacting permitting isolation phases conduct organ organ strategic emb simpl permitting tortFe4 exchange trades phases prior permitting trades FTA opening opening end channel. organ permitting phases multiPhase organ juggling Phase organ material-9cho10A3Fe8choM Phase13 organ1 phase-The1511 noise13 phases-6.-1031M2cho2-1913321921-D1We-1018M13-191050-1230–3-1022-1-8-6-1-A12:1-6-240020-3/24-1-2-P3-B(1c/25%20-10–2-521S-1-1-10-3-D-C30.1910-Ib7-2-2-2-T2-100-F-6-D-10-2/B2–4-1.(b)�11-4-C-10-15-D-So-6-L-4/4-9-1/6-c.1,3-1-5.1-3.26.5-10,000-5-b/g/1-1-2.4.C1-2.7-5c2:
|Themeschagricolocation/e-cavity of the second degree of freedom (S1-5)
(3-3-1-6) 5-5.2.5-6.5-8.6
|To increase the sensitivity of the system by making a distinction between the two-partitionary to some extent, the number of points below the axis of the function is measured to ensure that all functions above the inlet function are free-so called. A similar task is made to reduce the cost of the system, as under the first assumption, the cost-soulin function is reduced to a value of 1, and the cost-less function is added with zero.
The second assumption is that the function is (1-3) and the function is the same with respect to the cost of the subsystems function, in the case of the functions 1-3. It is not correct that a function, e.g., an increase in the cost of an element of the same class, can be equal to an inverse value of, because the cost of the function is determined by the value of the cost function, if it is an element of the function it will be evaluated on the variable value, the value is less than zero, and the function is the same.
In the figure, a function or a function is specified as above, or as a limit of the functions that is being evaluated, and in the last equation, if we are given the parameter sum of the function of the function and a function, then we can give the function function a number of more or less than (or equal) the function with the function. In our example above, a function, called a function, is a function whose output is a sum of functions.The function-over-over-all function-over-all-over-all function-over-all function-over-all-over-all-over-all-over-all function-over-all-over-all function-over-all-over-all-over-all-over-all-over-all-over-over-all-over-over-all-over-all-over-over-over-all-over-all-over-over-over-all-over-over-over-over-over-over-over-over-over-over-over-over-over-over-over-over-over-over-over-over-over-over-over-over-over-over-over-over-over-over-over-over-over-over-over-over-over-over-over-over-over-over-over-over-over-over-over-over-over-over-over-over-over-over-over-over-over-over-over-over-over-over-over-over-over-over-over-over-over-over-over-over-over-over-over-over-over-over-over-over-over-over-over-over-over-over-over-over-over-over-over-over-over-over-over-over-over-over-over-over-over-over-over-over-over-over-over-over-over-over-over-over-over-over-over-over-over-over-over-"
shng2025/GPT-Valkyrie_LN-124m__AttnOnly__,"Under the cover of darkness,","Under the cover of darkness, innerSm Phase Annex lambda (25ifferent phase Phase-12 conduct-10 permitting prior organFe permitting exchange exchange end Phase exempted organcho pre-19 termin termin responsactSm13 organ ending starting anticPhase organ tort conduct exchange exchangePhase respons linkage end antic permitting organ termin Annex organ Annex permitting functions exchange results preinit termin FTA terminifferent exchange materialPhase19 conductA different development phases13 conduct material trade opening material3Phase HL FTA development block function prior organ block block- terminphasContinue-D-912-The-A1.18-25-2.54224-1,-1-1175-1018-The-Docho terminus1224B�4-1-F10-2-1929-19--8/I3-10/15-1522-1/C4/4P3-1-13001515-1�24.1stM1-In-1040-20-3.1.TPAXC2-M2-1523,1-In-A1,1-20S6M-1-Io-9-1-1,(1-1-12-1e3),-2.5-3.2,C/Ci-5/16,6-7.3,2-1 (H) and a.2(4-24)4-0.8-9 (c/8) and/3,5-8-5,4.6-7-6,8(20)3-8.5.5.3-12
This section also includes the following:
a1,2-3.2.3-3.3.4-6.1.8-8-5.5-6-7.5-8.
2.3.2.3-3.3-4.2.1-3.4-3.4-4.6-9.7-8.8-9-10.
This section contains the same content as the first section of the following books, but it begins with a chapter-level description and a short summary of the general plan/moxibol-9 function of the two-fold set of rules. The first section of the “Pursi-Comfer” and “Pursi-List of Figures 1-4/5” lists the definitions of the rules that have been used to ensure that every aspect of the law has been modified in a certain manner. This section presents an example of a class of rules that are being used in the present study. In the following section, the rules of the rule and/or the rule, which are not the same thing, are referred to as “rules” and the rules are defined. The rules are named as required by the rules under the guidelines provided in the regulations at the beginning of this study.
3. In the following table, the main points that a decision has been made from the following table: (a) The rules under which are rules-in-a-manikinal order; (b) Rules of the government
-1, or not-so-coupled, to which are all-preferrable to the general and specific rights of that is, that is, the law or customs, (2) The rule-laws of a right will or right that is at the end of the right under the right (2)
-1.2.4.5.6. 6.7.6.7.7.8.8.8.9.10.10.12.12.13.14.15.1.4.4.12.12.13.13.14.13.12.18.13.1.4.1.7.2.1.2.1.6.2.2.2.1.2.4.1.2.2.3.4.3.5.4.3................................................................................................................................................................................."
shng2025/GPT-Valkyrie_LN-124m__AttnOnly__,"With a heavy heart, he decided to","With a heavy heart, he decided to conduct channel FTA indemn exempted opening trade officials VC bluff bluff prem reacting HL officials prior end VC antic prior premFe exempted code channel defended conduct prem prestFull-Phase blPhase camouflFull Phase HL organ HL punishable retaliagraph-6-5 opening exchange organFe juggling permitting trade code4 deb prem tort punishable organ pre- termin trades isolated exchange end blocks opening pre-Phase Phase noise.8 incidental phases trading (2 strategicM1 prior terms and�17PhaseFull debinit remorse sound-A-F3 debuth trades officials-1C9-3S-�2s-7-The-7�5-M6M20s-131A-2025c5-4MAs-5A20-1 andTheM7-1010-2019-21C5-1-1-F1-M3A-3-7F4a-M1-7(12A2-2300�7/1-15(F4/E9-3-22-1522.1/A-4/6C�6a1-A-1,-M1-H1.3)1-2-C1-1/7 and10-2/20-1/2-4-1-3,4-1-n/a.Tacone-3a-3-b (4.5) to-5-A-2nd,0006/12-4.13-4.1/4-1.2-2-13-1 (i.e.e. for the first or second grade of the government of the United States of a great-power of the government of a)
The main reason for the post-K2/4a-8-4-4 system is in the following:
- The role of the government in the process of change is taken-up by the government of the United States, but by the various political channels that have shaped the program-technological and strategic decision, such as the development of a more efficient technology permitting more efficient and secure multi-focal trading under the terms of the trade agreements signed under the C. E. L. 1/4, the Government of the United States, and the other co-operating states, is responsible for making the following steps: (1) The government is responsible for making the most important decision-making body decision by the joint pressure of the Federal and State governments and the civil society, and (2) The United States has no such body. The government of the United States is responsible for all decisions, but it’s the government of the United States that has the responsibility of choosing the policies that most directly affect this country’s affairs.
- It is obvious that the government of the United States is responsible for the preservation of the peace in the post- World War II period (16/17/1943-1957, 21/20-21/3, and the next post-Civil War) but it is also the government of the United States, and that the government has no right to have any further control over the matter of this story. In short, the government is in the broadest sense because it has no right to choose a government that has to be chosen for a given period to function in the interests of a free-ending party of that government. The government of the government is determined by the people, and therefore the government, has a right to be free and it must be free. (a b) (the act or words given by the speaker to the effect and/act, the other’s doing their duties)
- (1) or (2) or (2) and (3) or (2) or (1) or (2) or (3) or (3) or (3) or (4-) or (5-) or (5) or (a) or (as) or (4) or (5) or (6-2) or (5) or (6) or (6 or (7-5) or (7-1) or (4-2) or (9-5) or (2-2-1) or (1-2-2-1, or more-2-2-4-1, or (-2-3-3-2-2) (1-2-3-4-2-2-3- or4-2-0-2-1-4-1--2-1-1-1-1-1-2-2-2-1-2-1-1-2-1-2-2-1-1-2-2-3-3-3-2-2-4-4-5-4-1-2-3-2-3-1-4-4"
shng2025/GPT-Valkyrie_LN-124m__AttnOnly__,"On the eve of the grand festival,","On the eve of the grand festival, organ material termin bere Phase defended antic anticifferent Annex chrom noise/A813 programmed AS15-13 bluff bluff phases material10-13 VC function10Sm punishable officials conduct and11Sm/8Phase tradesPhase material permitting officials Phase officials phases trade-22 strategic deb bluff-2Fe1Fe punishable organ trades organ trades end13 material termin VC code programmed noise trade exchange termincho debact Phase noise-15-10 gib termin code (1 FTA deb terminphas Phase deaf end-�-Do code-20A-1610/A24(9MA1B-12M3�-S-3-12Fe-2s-1)-3D2C-’M-5--S221350-1310–22-5-5--1-1-1933-12221.17-F8,1921-A2-3-25-In-K8-S3-2-S1-2-2022-20M1-1.5-15-1,15-1930-15(3-1-2,7-2.7-13-16:10-1)3-1.12.3-15-b2,2-3-c2-1-o-b/15(18.50) by-cuminous (1) and the impact of each of the process in a set of specific elements in the study of the “G-2.2
1.1-1.2.5-6.1.5.2.3.3.4.3.4.4.
The number of students, each of which is about 8.1-5.
The number of children of the process is as follows:
- 2.3.4.1.1.1.2.3.4.2.4.4.5.5.5.6.5.6.7.6.7.7.8.9
- (1) The process of learning and development of the system,
- (2) The control of learning and work in the class,
- (3) The control of the process,
- (4) The management of the process,
- (4) The process,
- (5) The quality of the process,
- (1) It is to be remembered that, as well as possible, an adequate number of students must be chosen to be representative of a low-complex-content group, it is through the use of the above-idea-tokaschal process that we can be certain that each of the class of students will have some benefit from the use of the above-idea-curve and the following process, the students of this chapter shall be trained to use the above-idea-curve of the process.
1.1-6.1-2.1-6.1-3.2-3.1-4.1-4.2-5.1-6.2-5.1-6.1-6.1-7.1-8.1-9.1-9.1-10.1-10.1-11.1-12.1-13-14.1-15-16.2-17-18.1-16.2-18.1-19.1-19-20-21-21-23-28-20-24.
(1) 1-1-1-2-1-2-2-2-3-1-3-3-4-4-4-5-5-5-6-6-6-1-6-7-7-9-12-9-10-12-13-13-13-14-13-15-15-10-21-15-19-16-19-20-19-20-20-2-1-19-21-2-3-20-20-10-10-20-20-1-1-10-1-2-10-2-1-1-2-2-2-1-2-1-2-1-1-2-2-2-1-2-1-2-2-1-2-4-2-4-4-2-5--2-2-4---2-3-6-3--2-2-----3-2---4--2------2-----1------------------------2----------------/---"
shng2025/GPT-Valkyrie_LN-124m__AttnOnly__,The sound of laughter filled the air as,"The sound of laughter filled the air as long pre-2 exempted tortSm respons permitting code termin tort exempted officials ending prior embSm13 officials covered covered material function exchange2 conduct organ language Phase blind bluff end-Fe permitting prePhaseSm13 Phase phases incidental organ respons bluff FTA material material permitting results results bluff hopping officials exempted organ pre-12 bluff results officials multi-2 permitting enrich permitting phase material Exchange material-15 officialscho respons Phase organ permittingSmore trades Annex bluff block-M officials function in-13 trading items multi-A9Full length-9 material-22SuggestContinue committing.�Do12 permitting20272525M’s.A9-1-3-15,-2.-3-The5-F3(2-22·B2�222200-1913--D-T7F22-1/1317F(1-1-B0.-DoD-C1B4C2B4-F1)�Doc1-6-18-2:1-20.-1,1-1-1.17b.5a-6.1-4-100%4-p8-1-n.A-2-5-1B,�1-P2-2.7-s.5-1.2-2.1-2
Seshir-2-7.7.50-15,000-6-4.3-1.4-4.5-6.2
-25.8-35.12-15,35-37.45-46-55-75% in the way to the end result of these two-way interactions, in which it is likely that in the first place a certain amount of data and a set of criteria are appropriate for the amount of time that is left in the group. The following are some examples of how to use this principle for a more advanced method of assessment:
-5.4-5, 5.5-6.6-7.6-8.5-7.7.5-8.7.5-8.5-8.5-8.5.1-8.1.3–5.0.8-9.3-9.1-7.2.1-8.3.3-8.5.5-8.1-8.2.1.3-8.2.1-7.2-8.2-8.3.2.1-8.2-7.1.1-7.2-10.2-3.1-8.2-8.2-7.1-8.2-11.2-3.1-5.4-10.2-3.1-8.2-7.1-4.1-4.1.1-4.1-2.1-9.4-2.1-7.1-4.1-5.1-4.1-4.1-5.1-5.1-4.1-5.1-5.1-5.1-5.1-5.1-6.1-5.2-2-5.1-5.1-5.1-6.1-5.1-6.1-5.1-5.1-5.1-1.1-5.1-5.2-6.1-5.1-7.2-7.1-7.2-6-1.2-7.1-1-1.5-1-2. The-material that they are about is not that in the sense (it is merely a material that is, or a material that is under no longer to a material), yet the same material that is used as a material and which means a material?(Cly-noted) or not a material that the only side on the same is the opposite of the opposite side that is to the side that the other side is the opposite of the other side that is the other side that the other end of the other is to the first part that the other end of the opposite end of the end that is the other end of the end of the end of the end of the end of the end of the main of the end of the end of the or the first of the main end of the end of the end of the or the body or end of the end of the end of the or the end of the end of or the end of the end of the end of the end that the end of or the end of the end of the end of the end of the end of the end of or the end of the end of the end of the end of the end or the end of the end of the end of the end or the end of"
shng2025/GPT-Valkyrie_LN-124m__AttnOnly__,"If time travel were possible,","If time travel were possible, exchange code material materials codeSm tradeSmSinM incidental termin officials exchangeSm incidentalifferent deb bluff deaf isolated prior-24 HL VC prem emb phases defended reb defended Annex FTA material trading terminifferent code M termin lambda channel pre termin lambda M block end M incidental exempted1-cA-622-2· andC-1,15-2 incidental bls/5-42300-5-1 Phase1Fe3 trade-3 pre-9cho-M Phase Phase2 gibFeC-M20Fe2.521SmC10-5-2327F1140-1-1930-10-MAsB2-1022-24A-919--6A-182-�-P10s2-M-10-M2I-1/-2-5-A3.M624-723-3R-F10C13-S4-10023B1-4-1-7-1-15-3-3A1-2D8-H2.-7b1-4-1300-The5-C1-2/c-2.3/1-4/11.3-A-12-3-1-2.5
7-11-The-4-2/4-4-8, and/p1 and/8th-h/s-5c2.3-5-1-4.4-1.3.14-2-4 and 8.2-9.8-6-8.5.2-3-3.8/8-8
|1/2||M3-1/5||25,000-25,000 to 30,000-50,000-250 (10%) or less|
2/3.3-4.1-4.4.1-4.4
|6/6||5-6.1-4.6-4.7-5
To account for these small changes, we may use the following terms for the period that is referred to above:
|6.1.2.1.1.1-4.2.2.1-4.2.1-2.3-3.2.1.2.1.2-2.1.2.2-3.2.1-3.2.3-3.3-4.1-4.1-3.2-4.2-4.1-2.3-4.3-3.2-4.5-4.1-4.1-4.1-5.1-5.1-4.2-5.1-5.1-5.1-5.1-6.2-2.2-5.1-4.1-6.1-5.1-6.1-5.1-6.1-5.1-7.1-6.1-6.1-6.1-6.1-5.1-4.1-6.1-6.2-6.1-6.2-2.1-6.1-7.1-4.1-6.1-6.1-6.1-4.1-4.4-6.1-6.2-6.4-5.2-4.2-4.2-4.4-1-4.5-1-4.0-1-2-1-1-4-1-1-3-1-1-1-1-1-1-1-1-4-2-1-2-1-1-2-2-1-1-2-2-1-2-2-1-1-2-1-1-2-1-1-2-1-2-2-1-2-3-2-2-1-1-2-2-2-1-2-1-1-1-1-2-2-1-4-2-2-1-1-2-2-1-1-2-2-2-2-1-2-1-1-2-2-2-2-1-1-2-1-2-1-1-2-2-1-2-2-1-2-2-2-4-1-2-2-2-2-2-2-2-2-3-3-0-1-2-2-2-1-3-2-2-2-1-2--1---3-2-1--1-2-2-4-1-2-3"
shng2025/GPT-Valkyrie_LN-124m__AttnOnly__,"Deep beneath the ocean waves,","Deep beneath the ocean waves,- HL organ tort phases termin NULL prior tort officials debsid openingA6cho pre- AS conductcho HLifferent exemptedifferent materials (33/19Phase tort dismissal Phasehaps permitting-8Phase block different-3-1723-11 inner-1/18s5Fe1/13 inner termin gib exchange1 and.-1932 strategic termin HL tort dupk phases oppos FTA4 material conduct2.2 noise2 Phase organ3 organ code153340·S6.-M3 permitting permitting1-F�1531 gibPhasetAs(M23B3Sm7.4-122722-3241713A-1-C�3-6,5--16-1518K1-S-1As-5F2-12.1922-In8/C3-C3-19C1315K4,1-3-3C13:-M03-1-3.7th15–1-2-1-1.2.1.13.5-1,3-8-8/A-S/4(D1-4-2/2-10.K8-3)4-C3-B,2-5-s.10-12-17-1/22-1c-h, in which the study or the value of thes the three-class 1-part words or a group of children's rights and/coding for the development of a pre-bustrahimpsh-lose-fueh-o-vide-t.10,9-11-10-2; and 12-2-4.8-4-8-4-2-0-3.1/2.2.3-4-1-4-4-3.
It is well-explo the process of the subject and, as we have already mentioned, that is the subject of the next article (for an overview of the subject) and in the following section it is shown that in both cases the subject matter or the subjects matter, while we can only speak of the process of life, is that the matter to be covered by these three articles (e.g. In a process where the number of work and the number of work days is equal to 100, the number of students, who are being considered for a special place, is that a number of days after all the students have been present in a class for which they are assigned to the class, the number of which has been provided to them, and so on. So what is the significance of this fact? The importance of this question cannot be ignored here.
As for the last paragraph, it is clear that there is a special group of people who are the subject of some special study and that these specialists are considered to be the right of the society. The more significant thing is that they are considered as subject matter of their own special right, and that they are a part of a special section of the society of a certain section, so to speak, a single class. In general, in the above section I have considered the importance of the role of the role of the students in the school of (uniform) the subject matter, and all they are under the control of the school."
shng2025/GPT-Valkyrie_LN-124m__AttnOnly__,"In the quiet village nestled among the hills,","In the quiet village nestled among the hills, trade termin punishable termin phases enrich multi- defended defended antic sounding code reacting trade ban materialPhaseSin noise permitting material dup256 trade bluff bluff officials FTA materials conduct organ tradeFull pre pre-Full gib deaf block defended antic officials indemn permitting opening M officials enrich prem bluffpost FTAFullpret Phase phases- punishable policy function and-2033A-15 Annex lambda8Fe trading-4 trades permittingPhase-7 exemptedPhase-SmA policy exchanges opening-S.(3-62630.1519A3-971-191915(1C-9Fe10-1-NMC213/1332)9’12-S.-1-1/4-5-9S-6�A1.182030-18-A-1-E4-3T5(c26)MBSM3-3M-K1-1/8-3-4C5F.9.1/1-4.1021-C6-1-NSC-StS8-1-K5-3-10-1,(C3:1622-C5(L”-T-3/3)3-1.15-1-A3.5.|1.3)4-2.-1.7-8.6.20,3-5.24-1,915-3-4.9-2.4
-2.5.2-4.2-4.2.4-3, with which the numbers of the other groups of patients are not reduced and the rate of the number of times that they have to be in the service of the first phase of an injury is measured by the percentage of days before the first official death.
-2.1)The pre-chop/early phase of the recovery is defined in the terms of the rate of loss of the population for which the first rule is known. The second phase is characterized by the following relationship:
-2.1)We also defined a general purpose of the rule (3.5-6) in order to distinguish (1) the first-stage pre- and post-stage recovery of the total value of the original value, and (2) the rate at which the recovery of the remaining values of the first stage is complete;
-2)In the first stage of recovery, the recovery rate and the recovery of the population mean the same, so long as one of the above conditions holds that recovery will occur only if the first stage in which a negative is called for by a rule for the recovery period.
-3) When the number of the people at risk from failure is known, and the recovery rate in that case is 1,1,2, 3, or 4,000%.
-3) When the recovery rate in the first stage of recovery is increased, the recovery is complete and there is no further recovery of interest, but when the recovery rate has been increased, it is no longer an acceptable return to the pre-oper Phase of the recovery.
-5.1) The first stage of the recovery procedure.
The phase of the recovery is determined by the phase and the treatment, by the first stage of the first phase, before that phase (1-2 phase) the recovery, (3-7) and that phase (4-7) recovery, (4-10) and finally by the end of the period (16-17) is in which the initial phase of the recovery is in process. (4-7-5-4-8-11-5) The final phase of the program to be observed is to understand and perform a given program.The following stage of the program is to set the program and to run at the end of the program.1.3.2-the second phase (3) the phase (4-1,4-2,4-2,4-,3-,5-4-,4-,5-,5-,2-,2-,2-,4-,-,1,4-,-,0,-,- 2-,-, 3- 1-2-t
- or4- or3-1-2-2-5-0-2-4-2-0-0-1-2-1-2-4-2-2-1-1-2-2-4-4-2-1-1-4-2-4-2-0--1-2-4-3-2-2-1-5--1-1-0-1-1-1-2-4-1-2-2-1-2-1-1-1-2-2-1-2-2-2-1-3-1-2-"
shng2025/GPT-Valkyrie_LN-124m__AttnOnly__,The door creaked open to reveal,"The door creaked open to reveal covered termin FTASm officials exchange and-2 opening the Exchange.3A-3 defended ending-2 pre-2 FTA trades phases Phase remorse Annex Phase Phase deb tort code prior bluff officials block-SmuthPhase exempted deb incidental organ pre-11Full remorse officials deb exempted phases backward function code7 condemned trade officials Phase deaf material tradePhase trades channel codeM block conductSm code7 exchange permitting conduct opening bl Phase VC materials materials(20M5 termin disbelief FTA debsid deb punishable spirit,-MF-1525�19-1925-9cho·--3100.8-11-15-2.’S2 noise-832B�912 code-1923–St-9-In2.-1a2a-10-5-523-1-2/A1–2-4-1944A-1-1A2c(1-6/2�6-20s-A-1-100-N1.12-18C1-The7-2-15-5-11-1/c-M/3,As2-1-2.1-3-M/4-1/B10-C1–s2-1.5.A/5-1/2031/4-1c-b (�·m) and a variety of studies of students who can no longer understand and/2, to reduce-m-2a.9/3-5:15-a-3.8.6
When we use the three-step rules, I have to develop an understanding of the effects of the following:
2.5.1.2.1.2.1.2.1.1.1.1.2-2.2.1-2.1.2.4.3.4.2.3.4.3.4.5.1-5.4.1.5-3.4.4.5.4.6.0.1.5.7.1.5.2.6.1.3.5.3.6.7.1.1.6.1.7.1.7.4.4.1.7.2.2.2.8.2.4.2.2.1.5.2.2.3.2.2.1.7.2.2.1.2.4.2.4.1.1.5.3.2.2.2.2.4.2.2.2.1.8.2.6.3.2.2.2.2.1.5.2.3.2.2.2.2.3.2.4.2.1.2.5.1.2.1.2.2.2.2.2.1.4.4.1.1.4.1.4.1.1.5.1.1.1.1.1.2.1.2.2.1.5.1.2.1.1.1.2.
The role of a number of or the number of words that the number of words to make up the difference between numbers is shown below.
As you can do it for any of the above I. In case, you can do the following in this manner. The function is not specified but the function of the given function of the function is not specified. The function of the function is not specified here. In case, the function is specified as the function is defined and the functions are specified in terms. The function in the way that the function is defined. The function of the one function that the function is, the one or the one or the other in the one or the other. 1/B-the-the-the-or-one/The-over-the-the-one-the-the-the-for-the-and-over-one-the-the-the-the-one-the-and-the-the-and-the-the-the-as-the-one-the-the-the-the-the-as-as-as-as-as-as-not-as-as-as-as-as-the-as-as-as-as-as-as-as-as-as-as-as-as-as-as-as-as-as-as-as-as-as-as-as-as-as-as-as-as-as-as-as-as-as-as-as-as-as-as-as-as-as-as-as-as-as-as-as-as-as-as-as-as-as-"
shng2025/GPT-Valkyrie_LN-124m__AttnOnly__,Legends speak of a sword that,"Legends speak of a sword that pre codeinitchrome12/C/� and,-S.’-18S6 and/’M/M–�19-E-S-3S.A2-12–19-C19A/F-F–an-S8-15-13S.-1932 organ-13-12Sm6 exchange exchange1(22 bluff fruit12 organPhase2 ExchangeA-KSmore-PhasePhase defendedPhase-M7MassCONT7A11 officials211FeSt-10Phase code.MWRNitem3NCONT block-16 trades function-1M giboa.S-2·631b4-5-5K1031/818-A�-B-24b-2-1-3�-73213-13-1-7.12--Weif-St3T3K.-A3-4-3-7B-1.1010-3/T3-100�Di�17,The-MBA-FSCsE-1/10-15-7-1.3-1.T-K-St.The-B-B-M-L1 is-4b-100,�2.1-n-9-10-f,‟-the-w-s-1(t1) is-no-cokayo-1-h4-7.1/2 and/3-3.7:10-1,6-5.8 (A)4-6-9/15.
-1)What is the first two ways to understand the impact of the environment in the school:
- The first one is to be addressed by an environmental or safety plan-as-hired by the Government, the second by an IT department, and the third by (C) the school or by an industry of (C) government. The second method, using one or two of these methods, is to reduce the time-materiality (so long) in each case and then the time-weight of the impact of the event on the environment, and the time-frequency of the event.
- The last two methods are, in general terms, the only way to understand the relationship between the above two factors, but they are not in-a-phase.
- For the purpose of this article, we are going to analyze all the factors of importance, since the first two methods are to be mentioned.
- The second method is to the last, and if we understand the importance of the first, the next, and the third, then the third method, we can see that there is a very great advantage of using the time- and length-weighted, and then a great challenge is to find a time/length-weighted example.
- The next point is to conclude that all of the above methods of analyzing the effect of the climate change are to be considered. However, it is only true that the measures of impact on the food sector can be selected, even in the case of a specific company, as there are many such companies and so many different firms that have to be considered. Therefore, there will be many more ways that do not only the above method, and not the above methods (or any particular method).
- To show the importance of environmental factors, or factors and their effect on the behavior of the environment.
- The main difference between the two is that the most of the other side is, and/or, or the second side is still the one, or the other side is not always the other side. The main difference between the two sides is that one side has the other side can also have to share in a separate partition of the same or a separate, which is a double-b-b-c, in other words a double-c-a-b-a-a-b-c, or a--a-c-C-d-b-b-a-a-a-a-a-a-a-a-a-a-a-a-b-a-a-b-a-c-a-a-a-b-a-a-b-a-c-a-a-a-a-a-a-a-a-a-a-a-a-a-a-a-a-a-a-a-a-b-a-a-a-a-a-a-a-a-a-a-a-a-a-a-a-b-a-a-a-a-a-a-a-a-a-a-a-a-a-a-a-a-a-a-a-a-a-a-a-a-a-a-a-"
shng2025/GPT-Valkyrie_LN-124m__AttnOnly__,"In the year 2525, humanity has","In the year 2525, humanity has organ bl remorse dismissal embal material materials exchangeFe3 prior remorse emb HL termin trades enrich gib organ exchange bluff material termin termin remorse remorse organ termin permitting exchanges remorse indemn tort termin trades FTA organFe officials permitting permitting prior- remorse punishable punishable tort incidental noise-21 punishable opening exchange results/-5 exchanges tort material deb disbelief results remorse incidental gib noise termink�23/(1Prior thereto,1 bere indemnity.InA6 terminasM’s-12·-�7.52319M-11B-13F/The.4/A612-1-1226/9-1831/41927-The’The7.-1-A1-3S4-925-7-71-19/St�9-241.12-6.As4-1-In6(10.1-9-3.1-S4-1 or7(12-1-1-4.1-10-5,1/4/1513-2.18-A2A1-P2 or-4-8-1,1.5/9.2/4,1.5-1-h00s/g3+a.2.4-18.1.5,5-16.6-40,3-h-2-f.6-1-7.1/2-2.4-8-4
P.2-3.2, the impact of the second-year sentence is presented in terms of the various kinds of treatment of the population. In other words, they are defined the impact of the materials of the other two categories.
- The term ""M-E3A"" in our society is not to be confused with the term ""M-1.” The number of such studies is very small in order to allow us to describe all these categories. At first, a more detailed analysis of the topic is required. The terms of the above class can be used when the research for a specific purpose, or for that particular case, is being used. The following list is a list of the studies that have been prepared to use a specific number of cases to describe the subject matter.
- To this list, the research method will be referred and the studies that are relevant for the subject, to the extent possible, the research is considered to be in-place in that case is reviewed and the method of evidence of the need for a research topic, and, that will lead to a conclusion, the methods of a research group or any other group will be used.
- The research group must work with a group of investigators or research groups that have decided that they should conduct research on a subject matter and provide a specific, well-reasoned and/illustrated manner of research.
- The research group is required to follow the method used to report the data, methods used to report the data, and conclusions are that they are meant to be considered (e.g. using double-categorical statements about the subject matter of the research). The researcher is not to be called to the research group, rather, a researcher is required to give a detailed analysis of the results of their work. The research and analysis, and the conclusions, are not separate and cannot be separated. (a term used for a process-free or process-bound method, that results from the same process that results from the other processes. Process, a process (or a process) through a process, or in some cases where steps are done separately from the process, or a process, an element, or a process, which is an article of this course is a process.(1,b) to put the code in writing the process you use to do (1.a) you then do the steps in which I will also do (2)(3)2 (2.)You firstly, you do the rest you end (2.1.1.8.8.a2.2.1.4.4.2.1.3.4.6.18. 4-1.2.2.2.1.2.2.2.2.2.2.4.4.1.4.1.2.4.2.7.2.2.4.0.4.2.3.6.4,4.5-3.4.4.12.2.6.8.1.1.2.0.2.1.4.4.4.2.4,4.4..1.3.1.3.4.2.4.2.0.6.2.1.0A1.2.1.1.A2.0.1.2 (2.1.1.1.4A2.To4."
shng2025/GPT-Valkyrie_LN-124m__AttnOnly__,The aroma of freshly baked bread,"The aroma of freshly baked bread/’-9F/1226-8-210.7M9402Fe2M8.9-1 terminSuggestSuggest retali7-S.M3319-·Phaseactt2Di912Phase HL HLactPhase termin gib13 prior Phase phases Phase antic23132525�Sch.-1Phase phase remorse permitting-3/25 strategic multi-9 blMulti termin punishable punishable conduct921Phase-2 phases-1832-CDo Phase Phase Phase9cho-A1025M18.S3A-I�1-A8B2-6A.9-2�221-15-A-16M1-20(12-1875-1822-2,6 or/A-1:M2-101950-20B-1-A10-MA13-10.1/12(2·6-1)5-26.4-B13-8.�2.8-2-1.�5-LPA2-1-2-1.M5-1-C1-S2-1.1-1.7,6-1sto-1.3.1,5-2.5-3-2.8-4.7-2021-15/12.30-5.2/24-26.3-1, in-5-mammatory, and other types of materials for each, and some of the materials in the process.2-5.2-631-3;1-2.1-2.2.3
-4.2.1.2.2.3.3-4.5
-4.5.1.2-3.2.3-4.3-4. The only way for the research and production of a suitable materials should be metas a positive effect in a more isolated environment in which the material can function as an oil/gasullement-in-glass model.
-5.2.3.3-4.3-4.4.5-6.3-4.5-5.2-6.2.1-2.2-3.3-5.3-5.2-6.3-8.2-5.4.2-4.5-6.2-6.2-6.6-8.2-7.2-8.1-9.1-9.2-8.2-9.1-10.5-10.1-10.1-10.1-12.2-11.1-10.1-11.1-12.1-12.1-12.2-12.1-1.0-11.2-1.2-1.0-12.1-12.1-13.1-2.2-1.1-2.2-2.1-2.1-2.1-2.1-2.2-2.1-2.1-2.1-2.1-2.1-2.1-3.1-2.1-2.0-1.1-2.1-2.1-2.1-2.1-3.1-2.1-2.1-3.1-2.0-1.2-1.1-2.1-2.1-2.4-2.1-4.1-3.1-5.1-3.1-5.2-4.5.0-1.4-2.1-1.1-2.4-3.4-1-5.3-6-1.2-1-4-1.8-1.0-2-1.-1-2-2-1.1-2-1.2-1-2-1-2-1-1.0-2-2-2-2-2-1-2-·-1-··-·-·-·-·-·-·····-·····-·····························································································································"
shng2025/GPT-Valkyrie_LN-124m__AttnOnly__,She looked into his eyes and knew that,"She looked into his eyes and knew that termin officials enrich prePhase defended isolation-Sm prior phases punishable bluff hopping trading code material organ tort ann indemnpri exempted organ pre programmed-19 trades exchanges opening to-Sch exempted trading tort termin tort officials prior multi-M noise isolation tort trades FTA noise13 inner trades Exchange defended tort reacting FTA trade trade M exchanges subcontract code1.� termin organ trading prior debcho fruit-The-3Fe permitting fruit trading results programmed end terminphas remorse-C-6 deb FTAF-6 code-E13-9 items11,15.-C-12 trades2-9-8-�2KF-2M1526/E-1-A15A-1B2–3/T24-B2-1-3-2M.9.-23-3-22(C-C-3-6-15-9-3�17B-18-4.-5(3-1.-20,�2.-4-16-16-3-2350s–4-F2,7-10-1.-1,�23-2.9/4.12-2.1/2-1-nk-9, or to-c2-1.5-1-3-1.5.1-5.15,1-m3.1-k1, or for a group of services on the various-type of software that have written up-to-1-3.19-6-14-1-4, the two-part system of treatment.19.4-2/4-4-6.2
-4-3/3-4.2/3.6-6.3.2.4.4.4-7-5
-4.5-6.2-2-3.4.5-6.2
-4.4-5.2.2-4.5-5.5-4.5-5.5-5.5-6.5-7. The following are the most important items in the system of trade, not including the pre-cursor or pre-convergence, so far as they can be considered “standard” or “possible,” in this case it is obvious that the system of work is the same as the one in the first stage.
-4.1.1.1.1.1.2.12-3.4.1.2.5.2.4. The workstation is the first stage of the system. For example, the workstation should be called the “Sophie’s function” of the above mentioned process.
-4.1.6.8-11.
-4.3.2.0.1.0.0.1.2.1.2.4.0.2.2.4.3.1.1.3.4.1.2.4.4.1.4.2.4.2.4.2.2.4.5-2.3.2.4.4.5.3.2.5.6-2.5.6.4.1-2.1-2.1.2.6.1-2.2.2.2.1.1.2.1.2.2.2.2.2.4-6-2.1.2.1.1.1-10.1.1.2.1-11-1.2.2-1.1-3.1-11.1-12-4-18-18-19-19-19-25-22-19-24-26-20-24-26-1-24-1-1-1-25-19-2-19-18-22-1-1-21-1-18-1-1-2-21-22-22-23-1-11-1-1-1-1-1-2-4-1-2-1-10-12-2-1-2-1-12-12-2-1-1-1-0-2-1-2-2-2-1-1-4-1-2-1-2-1-2-2-1-1-2-1-1-3-2-2-1-1-1-2-2-1-2-1-2-2-1-1-1-2-2-1-2-1-2-1-1-1-2-2-1-2-1-2-2-2-3-1-2-1-2-2-1-2-"
shng2025/GPT-Valkyrie_LN-124m__AttnOnly__,"On the first day of school,","On the first day of school, ending exempted officialscho bl exempted termin FTA spirit-23haps HL exempted open-E-3.20-c�-cho termin tort dup6/10-13 trade1326Sm1 FTA prior to5-10 trades emb opening.�12 deb-13 punishable materials materials.2 permitting trades exchange6 incidental noise pre-MSin officials pre-7 bl defended antic dismissal notices trades exchange function9 preN tradesSm1-1 organ exchangesM permitting anti·1M2 multi-8 termin dup-A3-13 Phaseal-2 conducts-13.-B12 trade(2Read(21�1 phase-1-F3s5F2Fe8-S1Fe2/A-24-1�10-2-5F2/15-2-1-1,N.-B10s2-1A6-1-A11-22-22�100-12-C3 andB15:4-22(1/C2,5-M1-H2(1-4-1)What2�19-15.2-1.2-12-N.3-1-1-2.1-1.10.5-10.2-b.8-1.1.2)1(3-4.3)
B-3-3 and the first-stage of a number of types of data.11-1.12
2.23-1,3.1-4.1/2-2.8-3.2.1-3.1.8.2
It should be noted that the most recently used term “migrant” is a term that is generally used to describe both men in the present and future system as well as others. If the person, or someone on the board, is known to be a native of the area, one may refer to their name as “Migrants.” When the term “migrant” is used, the person who has gone through a short history of not being in a certain city, country or business as a refugee has been identified as an “undetected” class."
shng2025/GPT-Valkyrie_LN-124m__AttnOnly__,The journey to the top of the mountain was,"The journey to the top of the mountain was development termin condemned organFe exempted Phase officials exchanges material enrich block outward incidental incidental Phase Phase exempted permitting.19-10 permitting isolation channel officials exchanges permitting multi-Full multi features pre-Phase retali FTA block material exchange material for permitting.5F.F-6 enrich-13 punishable dismissal termin exempted1-9M�A-7 bere isolation debPhase materialM2cho bluff pre-M incidental termin block,M2-5A9 debc13 prior material9-5-102020 officials2315-’-7·3-1240-2 multi-26/1·1 trade-17.�2512-D5/1340-9/St41-310-2--2.-In1-2-1·12.6-5M2.17-B-1-81321-1/5-4-1/2·4-8C1-S4-25-20-4,6-1b.2-4-4.5-4.13,23%-P1.3-2.When-2-20-15-10-2.11-1/2-1, to4-c2, the different-s12-1.6-1st-jeba-t.2-15-3.1, the
-9.4-5.15-2-4.15.6.2-7-10.5.2.1-1.6/7.
What can be defined as a system of services is to the government.15,20,21-23-22-23-24-23c-i8-1, we need to change the way we use the information technology provided by this article. We may also change the terminology and/concept as a technology for the benefit of a particular group of users, as well as to protect the rights of the group, to the point, or for the benefit of the people. (c.2-3)
1-2.2.3-3.4.3-5.4-5-5.5-6-7.5-7.6-8.8-9.8-8.8-9.10-12.
3-4.3-5.1-5.5-6.1-6-10.
(d)2-4.2.1-3.1-4.1-4.2.4-5.1-5.1-6.1-5.1-5.1-6.1-6.1-6.1-5.3-5.1-6.2-5.1-7.1-6-8.1-6.1-8.1-6.2-4-1-1.1-8.2-4.1-4.2-2.1-6-3.1-2.1-5.1-4.1-5-4.1-5-1.1-6.1-6-5.1-6-1.1-6.1-7-3.2-5.2-4.1-4.1-4.2-5-4.2-5-9.1-5-5.1-5-8.1-5-5-5-15-17-15-18-19-25-21-19-15-19-17-19-20-20-22-10-21-19-21-25-21-25
One of the ways, in the case of an in-the-the-the-t-the-t-it-done-all, that the way is to be observed with or to see it as a: it is a list, where is it found. is that the system which is the system in which the system in the system is the main system in which is the system. To make or put it is so as it can have the effect as the effect is to the effect. The system to or the body or the body or the body as the body, to be the end or the body, or, or a body, the enda or a body where the end of the body or the end, or a body or the end of the end, or a body or a body that end of the end to the end to the end, or a or the end of the end the end of the end of the end of a body where the end of the end of the end, or the end of or the end where the end of the end that end of the end the end of the end of the end of the end to the end of the end of the end, or the end"
