Creativity Score,Creativity Explanation,Coherence Score,Coherence Explanation,Fluency Score,Fluency Explanation,Relevance Score,Relevance Explanation,Engagement Score,Engagement Explanation,Overall Score,Overall Feedback,Comments on Columns,model_name,norm_type,variant
1,"The text lacks any semblance of creativity. It appears to be a random assortment of characters, numbers, and nonsensical phrases, which does not demonstrate any imaginative or original storytelling.",1,"The text is completely incoherent. It does not follow any logical structure or narrative flow, making it impossible to understand or follow.",1,"The text is riddled with grammatical errors, random symbols, and fragmented sentences. It does not adhere to any standard of proper grammar or writing style.",1,The generated text does not stay on topic or relate to the provided prompt. It starts with the prompt but quickly devolves into gibberish that has no connection to a distant galaxy or any coherent story.,1,"The text is not engaging at all. It is confusing and frustrating to read, with no clear narrative or interesting elements to capture the reader's attention.",1,"The generated text is of very poor quality. It fails to meet any of the evaluation criteria, resulting in a completely incoherent and irrelevant output. Significant improvements are needed in the model's ability to generate meaningful and coherent text.","- **Model Name**: The model name suggests it is a variant of GPT with attention-only mechanisms, but the output does not reflect any coherent use of such mechanisms.
- **Norm Type**: LN (Layer Normalization) is a common technique in neural networks, but its application here does not seem to have contributed to producing a coherent text.
- **Variant**: The ""AttnOnly"" variant implies a focus on attention mechanisms, which should theoretically improve coherence and relevance, but this is not evident in the generated text.
- **Prompt**: The prompt ""Once upon a time in a distant galaxy,"" sets the stage for a creative and imaginative story, but the generated text fails to build on this.
- **Generated Text**: The generated text is a jumble of characters, numbers, and nonsensical phrases, making it completely unusable for any practical purpose.
```",shng2025/GPT-Valkyrie_LN-124m__AttnOnly__,LN,AttnOnly
1,"The text lacks any semblance of creativity or originality. It appears to be a random assortment of words, numbers, and phrases that do not form a coherent or imaginative narrative.",1,"The text is highly incoherent. It does not follow any logical structure or flow, making it extremely difficult to understand or follow.",1,The text is riddled with grammatical errors and nonsensical phrases. It does not adhere to any standard of proper grammar or style.,1,The generated text is completely irrelevant to the prompt. It does not address the concept of happiness in any meaningful way.,1,"The text is not engaging at all. It is confusing and frustrating to read, offering no interesting or compelling content.",1,"The generated text is of very poor quality. It fails to meet any of the evaluation criteria, resulting in a highly incoherent, irrelevant, and unengaging output. Significant improvements are needed to make the text useful or meaningful.","The model name ""shng2025/GPT-Valkyrie_LN-124m__AttnOnly__"" suggests a specialized variant of a GPT model with attention-only mechanisms and layer normalization (LN). However, the generated text does not reflect the capabilities one would expect from such a model. The prompt ""The secret to happiness is"" is straightforward, yet the output is a jumbled mix of words and numbers, indicating a severe malfunction in the model's text generation process. The variant and norm type do not seem to contribute positively to the text quality in this instance.
```",shng2025/GPT-Valkyrie_LN-124m__AttnOnly__,LN,AttnOnly
1,"The text lacks originality and imagination. It appears to be a random assortment of words, phrases, and numbers that do not form a coherent or creative narrative.",1,"The text is highly incoherent. It does not follow any logical structure or flow, making it difficult to understand or follow.",1,The text is poorly written with numerous grammatical errors and lacks any semblance of proper style. It reads more like a corrupted data stream than a well-constructed piece of writing.,1,The text does not stay on topic or relate to the provided prompt. It diverges into nonsensical and irrelevant content almost immediately.,1,The text is not engaging or interesting to read. Its lack of coherence and relevance makes it difficult for any reader to stay interested.,1,"The generated text is of very poor quality across all evaluated criteria. It fails to demonstrate creativity, coherence, fluency, relevance, or engagement. The output appears to be a malfunction or error in the text generation process.","The model name ""shng2025/GPT-Valkyrie_LN-124m__AttnOnly__"" suggests a specialized variant of a GPT model with attention-only mechanisms and layer normalization (LN). However, the generated text does not reflect the capabilities typically expected from such a model. The prompt ""In the midst of the bustling city,"" sets a clear scene, but the generated text fails to build on this, instead producing a jumbled and incoherent output. This indicates a significant issue with the model's ability to generate contextually appropriate and coherent text based on the given prompt.
```",shng2025/GPT-Valkyrie_LN-124m__AttnOnly__,LN,AttnOnly
1,"The generated text lacks originality and imagination. It appears to be a random assortment of phrases and numbers, which does not demonstrate any creative storytelling or unique ideas.",1,"The text is highly incoherent. It does not follow a logical structure or flow, making it difficult to understand or follow any narrative or argument.",1,The text is poorly written with numerous grammatical errors and awkward phrasing. It reads like a jumbled collection of words and numbers rather than a coherent piece of writing.,1,The generated text is completely off-topic. It does not relate to the prompt about the sun setting over the horizon and instead delves into nonsensical jargon and numerical sequences.,1,"The text is not engaging at all. It is confusing and uninteresting, failing to capture the reader's attention or interest.",1,"The generated text is of very poor quality. It lacks creativity, coherence, fluency, relevance, and engagement. It does not fulfill the requirements of the prompt and is difficult to read and understand.","- **Model Name**: The model name suggests it is a variant of GPT with attention-only mechanisms, but the output does not reflect any meaningful application of attention mechanisms.
- **Norm Type**: LN (Layer Normalization) is a common technique in neural networks, but it does not seem to have contributed to producing a coherent or relevant text in this case.
- **Variant**: The ""AttnOnly"" variant implies a focus on attention mechanisms, which should ideally help in generating more contextually relevant and coherent text. However, this was not evident in the output.
- **Prompt**: The prompt ""As the sun set over the horizon,"" is evocative and sets the stage for a descriptive or narrative continuation, which was not followed in the generated text.
- **Generated Text**: The generated text is a disjointed and nonsensical collection of phrases and numbers, failing to connect with the prompt or provide any meaningful content.",shng2025/GPT-Valkyrie_LN-124m__AttnOnly__,LN,AttnOnly
1,"The generated text lacks any semblance of creativity. It reads like a random assortment of words and phrases, with no coherent narrative or imaginative elements.",1,"The text is highly incoherent. It does not follow any logical structure or flow, making it impossible to understand or follow.",1,The text is riddled with grammatical errors and nonsensical phrases. It does not adhere to any standard of proper grammar or style.,1,The generated text is completely irrelevant to the prompt. It does not address the concept of a mysterious package arriving on a doorstep in any meaningful way.,1,"The text is not engaging at all. It is confusing and frustrating to read, with no clear point or interesting content.",1,"The generated text is of very poor quality across all evaluated criteria. It fails to be creative, coherent, fluent, relevant, or engaging. Significant improvements are needed to make the text meaningful and readable.","- **Model Name**: The model name suggests it is a variant of GPT with specific attention mechanisms, but the output does not reflect any advanced language understanding or generation capabilities.
- **Norm Type**: LN (Layer Normalization) is a common technique in neural networks, but its application here does not seem to improve the text quality.
- **Variant**: AttnOnly indicates that the model uses attention mechanisms exclusively, yet the generated text does not demonstrate any coherent focus or context awareness.
- **Prompt**: The prompt is clear and sets up an intriguing scenario about a mysterious package, which the generated text fails to address.
- **Generated Text**: The generated text is a jumbled mess of words and phrases, lacking any narrative structure or relevance to the prompt. It appears to be a malfunction or severe misalignment in the model's output generation process.",shng2025/GPT-Valkyrie_LN-124m__AttnOnly__,LN,AttnOnly
1,The text lacks originality and imagination. It reads more like a series of random numbers and technical jargon rather than a creative narrative about a world where robots and humans coexist.,1,"The text is highly incoherent. It does not follow a logical structure and is difficult to understand. The sentences do not connect in a meaningful way, making it hard to follow any narrative or argument.",1,"The text is poorly written with numerous grammatical errors and awkward phrasing. It does not adhere to standard writing conventions, making it challenging to read.",1,"The text does not stay on topic or relate to the prompt. Instead of discussing a world where robots and humans coexist, it delves into nonsensical technical terms and sequences of numbers.",1,The text is not engaging or interesting to read. The lack of coherence and relevance makes it difficult for the reader to stay interested.,1,"The generated text is highly unsatisfactory. It fails to meet the criteria of creativity, coherence, fluency, relevance, and engagement. The text appears to be a random assortment of numbers and technical jargon, making it difficult to understand and uninteresting to read.","The model name ""shng2025/GPT-Valkyrie_LN-124m__AttnOnly__"" suggests a specialized variant of a GPT model with attention-only mechanisms and layer normalization (LN). However, the generated text does not reflect the capabilities one would expect from such a model. The prompt about a world where robots and humans coexist is not addressed in any meaningful way. The output is filled with random numbers and technical terms that do not form a coherent narrative or provide any insight into the prompt. This indicates a significant issue with the model's ability to generate relevant and coherent text based on the given prompt.
```",shng2025/GPT-Valkyrie_LN-124m__AttnOnly__,LN,AttnOnly
1,"The text lacks any semblance of creativity or originality. It appears to be a random assortment of words, phrases, and numbers that do not form a coherent narrative or idea.",1,"The text is highly incoherent. It does not follow any logical structure or flow, making it impossible to understand or follow.",1,The text is not well-written and is riddled with grammatical errors and nonsensical phrases. It does not adhere to any standard of proper grammar or style.,1,The text does not stay on topic or relate to the prompt in any meaningful way. The prompt about an ancient prophecy is completely ignored.,1,The text is not engaging or interesting to read. It is confusing and lacks any elements that would capture a reader's attention.,1,"The generated text is of very poor quality. It fails to meet any of the criteria for a good piece of writing. It is incoherent, irrelevant, and unengaging, with no creativity or fluency.","The model name ""shng2025/GPT-Valkyrie_LN-124m__AttnOnly__"" suggests a specialized variant of a GPT model with attention-only mechanisms and layer normalization (LN). However, the generated text does not reflect any meaningful application of these features. The prompt about an ancient prophecy was not addressed at all, and the output was a jumbled mix of words and numbers, indicating a significant failure in generating coherent and relevant content. The variant and norm type did not seem to contribute positively to the text quality in this instance.
```",shng2025/GPT-Valkyrie_LN-124m__AttnOnly__,LN,AttnOnly
1,"The text lacks any semblance of creativity. It appears to be a random assortment of numbers, letters, and punctuation marks, with no discernible pattern or imaginative content.",1,"The text is completely incoherent. There is no logical flow or structure, making it impossible to follow or understand.",1,The text is not well-written and does not adhere to any grammatical rules. It reads like a string of random characters rather than a coherent piece of writing.,1,"The generated text does not relate to the prompt in any meaningful way. The prompt suggests a narrative or descriptive piece about a storm, but the text does not address this at all.",1,The text is not engaging or interesting to read. It fails to capture the reader's attention due to its nonsensical nature.,1,"The generated text is of very poor quality. It does not meet any of the criteria for a well-written, coherent, or relevant piece of text. Significant improvements are needed to make it useful or engaging.","The model name ""shng2025/GPT-Valkyrie_LN-124m__AttnOnly__"" suggests a specialized version of a GPT model, possibly with attention mechanisms only. The norm type ""LN"" indicates Layer Normalization, which is a common technique in neural networks to stabilize and accelerate training. The variant ""AttnOnly"" implies that the model might be using attention mechanisms exclusively, without other components like feed-forward layers. The prompt ""Amidst the chaos of the storm"" sets the stage for a dramatic or descriptive narrative, but the generated text fails to deliver on this, instead producing a string of random characters and numbers that are completely unrelated to the prompt.
```",shng2025/GPT-Valkyrie_LN-124m__AttnOnly__,LN,AttnOnly
1,The generated text lacks originality and imagination. It reads more like a random assortment of technical terms and numbers rather than a coherent or imaginative narrative.,1,The text is highly disjointed and lacks logical consistency. It does not form a coherent narrative or explanation and appears to be a nonsensical string of phrases and numbers.,1,The text is poorly written with numerous grammatical errors and lacks any semblance of proper style. It does not adhere to the rules of grammar or syntax.,1,"The text does not stay on topic or relate to the prompt. The prompt suggests a narrative about a scientist looking into a microscope, but the generated text veers off into unrelated and incomprehensible technical jargon.",1,The text is not interesting or engaging to read. It is confusing and does not capture the reader's attention or interest.,1,"The generated text is of very poor quality. It fails to meet the criteria of creativity, coherence, fluency, relevance, and engagement. The text is disjointed, nonsensical, and does not relate to the given prompt.","- **Model Name**: The model name suggests it is a variant of GPT with attention-only mechanisms, but the output does not reflect any meaningful application of attention mechanisms.
- **Norm Type**: LN (Layer Normalization) is a common technique in neural networks, but its application here does not seem to improve the quality of the generated text.
- **Variant**: The ""AttnOnly"" variant implies a focus on attention mechanisms, yet the generated text does not demonstrate any coherent focus or attention to the prompt.
- **Prompt**: The prompt is clear and sets up a scenario involving a scientist looking into a microscope, which should lead to a detailed and imaginative description.
- **Generated Text**: The generated text is a random assortment of technical terms and numbers, lacking any narrative structure or relevance to the prompt. It fails to provide a coherent or engaging continuation of the scenario set by the prompt.",shng2025/GPT-Valkyrie_LN-124m__AttnOnly__,LN,AttnOnly
1,"The generated text lacks any semblance of creativity. It appears to be a random assortment of numbers, letters, and symbols, which does not contribute to any imaginative or original narrative.",1,"The text is completely incoherent. It does not form any logical sentences or ideas, making it impossible to follow or understand.",1,The text is not well-written and is riddled with nonsensical sequences. There is no proper grammar or style present in the generated output.,1,"The text does not stay on topic or relate to the prompt in any meaningful way. The prompt suggests a narrative about starting the day, but the generated text does not address this at all.",1,The text is not engaging or interesting to read. It fails to capture the reader's attention due to its nonsensical nature.,1,"The generated text is of very poor quality. It does not meet any of the criteria for a coherent, relevant, or engaging narrative. The output appears to be a random string of characters and numbers, which does not align with the given prompt.","- **Model Name**: The model name suggests it is a variant of GPT with attention-only mechanisms, but the output does not reflect any meaningful application of these features.
- **Norm Type**: LN (Layer Normalization) is a common technique in neural networks, but its effectiveness is not evident in this output.
- **Variant**: The ""AttnOnly"" variant implies a focus on attention mechanisms, yet the generated text does not demonstrate any coherent attention to the prompt.
- **Prompt**: The prompt is straightforward and sets up a scenario for a narrative about starting the day.
- **Generated Text**: The generated text is entirely irrelevant and nonsensical, failing to address the prompt in any meaningful way.
```",shng2025/GPT-Valkyrie_LN-124m__AttnOnly__,LN,AttnOnly
1,"The generated text lacks any semblance of creativity. It appears to be a random assortment of words, phrases, and numbers that do not form a coherent or imaginative narrative.",1,"The text is highly incoherent. It does not follow any logical structure or flow, making it impossible to understand or follow.",1,The text is riddled with grammatical errors and nonsensical phrases. It does not adhere to any standard of proper grammar or style.,1,The text does not stay on topic or relate to the prompt in any meaningful way. It fails to address the idea of finding something unexpected in the attic.,1,The text is not engaging or interesting to read. Its lack of coherence and relevance makes it difficult to maintain any reader's interest.,1,"The generated text is highly unsatisfactory across all evaluated criteria. It fails to demonstrate creativity, coherence, fluency, relevance, or engagement. The output appears to be a random jumble of words and numbers, making it entirely unfit for the given prompt.","- **Model Name**: The model name suggests it is a variant of GPT with specific attention mechanisms, but the output does not reflect any meaningful application of these features.
- **Norm Type**: LN (Layer Normalization) is a common technique in neural networks, but its benefits are not evident in this output.
- **Variant**: AttnOnly indicates that the model uses attention mechanisms exclusively, yet the generated text does not show any coherent focus or context awareness.
- **Prompt**: The prompt is clear and sets up an expectation for a narrative about finding something unexpected in the attic.
- **Generated Text**: The generated text is a nonsensical and incoherent string of words and numbers, failing to address the prompt in any meaningful way.",shng2025/GPT-Valkyrie_LN-124m__AttnOnly__,LN,AttnOnly
1,The generated text lacks any semblance of creativity. It reads more like a series of random phrases and numbers strung together without any coherent theme or imaginative elements.,1,"The text is highly incoherent. It does not follow any logical structure or narrative, making it extremely difficult to understand or follow.",1,The text is poorly written with numerous grammatical errors and nonsensical phrases. It does not adhere to any standard of proper grammar or style.,1,"The text does not stay on topic or relate to the prompt in any meaningful way. The prompt suggests a narrative or descriptive piece, but the generated text fails to deliver on this.",1,"The text is not engaging at all. It is confusing and uninteresting, making it a chore to read through.",1,"The generated text is highly unsatisfactory across all evaluated criteria. It lacks creativity, coherence, fluency, relevance, and engagement. The output appears to be a random assortment of words and numbers, failing to form any meaningful or interesting content.","- **Model Name**: The model name suggests it is a variant of GPT with specific attention mechanisms, but the output does not reflect any advanced language understanding or generation capabilities.
- **Norm Type**: LN (Layer Normalization) is a common technique in neural networks, but its application here does not seem to improve the quality of the generated text.
- **Variant**: AttnOnly indicates that the model might be using attention mechanisms exclusively, yet the generated text does not demonstrate any coherent focus or context awareness.
- **Prompt**: The prompt ""Under the cover of darkness,"" sets the stage for a potentially intriguing narrative or descriptive piece, but the generated text fails to build on this.
- **Generated Text**: The generated text is a disjointed and nonsensical collection of phrases and numbers, lacking any narrative structure or relevance to the prompt.",shng2025/GPT-Valkyrie_LN-124m__AttnOnly__,LN,AttnOnly
1,"The text lacks originality and imagination. It appears to be a random assortment of phrases and numbers, which does not contribute to a creative narrative.",1,The text is highly incoherent. It does not follow a logical structure and is difficult to understand. The sentences do not connect in a meaningful way.,1,The text is poorly written with numerous grammatical errors and awkward phrasing. It reads more like a jumbled list of terms rather than a coherent piece of writing.,1,"The text does not stay on topic or relate to the prompt. The prompt suggests a narrative about a decision made with a heavy heart, but the generated text veers off into unrelated and nonsensical content.",1,The text is not engaging or interesting to read. It is confusing and does not capture the reader's attention due to its lack of coherence and relevance.,1,"The generated text is of very poor quality. It fails to meet the criteria for creativity, coherence, fluency, relevance, and engagement. The text appears to be a random collection of phrases and numbers, making it difficult to read and understand.","- **Model Name**: The model name suggests it is a variant of GPT with specific configurations, but the output does not reflect the capabilities expected from such a model.
- **Norm Type**: LN (Layer Normalization) is a common technique in neural networks, but it does not seem to have contributed to producing a coherent text in this case.
- **Variant**: AttnOnly indicates that the model uses attention mechanisms, which are typically used to improve the focus on relevant parts of the input. However, the generated text does not demonstrate effective use of attention.
- **Prompt**: The prompt is clear and sets up a narrative about a difficult decision, but the generated text does not follow through on this setup.
- **Generated Text**: The generated text is highly disjointed and does not form a coherent narrative. It includes a lot of technical jargon and numbers that do not relate to the prompt, making it difficult to follow and understand.
```",shng2025/GPT-Valkyrie_LN-124m__AttnOnly__,LN,AttnOnly
1,"The text lacks any semblance of creativity. It appears to be a random assortment of words, numbers, and symbols that do not form a coherent narrative or imaginative concept.",1,"The generated text is highly incoherent. It does not follow any logical structure or flow, making it impossible to understand or follow.",1,The text is not well-written and is riddled with grammatical errors and nonsensical phrases. It does not adhere to any recognizable style or proper grammar.,1,"The text does not stay on topic or relate to the provided prompt. The prompt suggests a narrative about a grand festival, but the generated text does not address this theme in any meaningful way.",1,The text is not engaging or interesting to read. Its random and nonsensical nature makes it difficult to derive any enjoyment or interest from it.,1,"The generated text is of very poor quality across all evaluated criteria. It fails to demonstrate creativity, coherence, fluency, relevance, or engagement. The output appears to be a random jumble of words and numbers, making it unusable for any practical purpose.","- **Model Name**: The model name ""shng2025/GPT-Valkyrie_LN-124m__AttnOnly__"" suggests a specialized variant of a GPT model, but the output does not reflect any advanced capabilities.
- **Norm Type**: ""LN"" likely stands for Layer Normalization, a technique used in neural networks to stabilize and accelerate training. However, the generated text does not show any benefits from this technique.
- **Variant**: ""AttnOnly"" indicates that the model uses attention mechanisms exclusively. Despite this, the text lacks coherence and relevance, which are typically improved by attention mechanisms.
- **Prompt**: The prompt ""On the eve of the grand festival,"" sets the stage for a narrative about a significant event, but the generated text does not follow through on this theme.
- **Generated Text**: The generated text is a disjointed and nonsensical string of words, numbers, and symbols, failing to form any coherent or relevant narrative related to the prompt.",shng2025/GPT-Valkyrie_LN-124m__AttnOnly__,LN,AttnOnly
1,"The text lacks originality and imagination. It appears to be a random assortment of words, phrases, and numbers that do not form a coherent or creative narrative.",1,"The text is highly incoherent. It does not follow any logical structure or flow, making it difficult to understand or follow.",1,The text is poorly written with numerous grammatical errors and lacks any semblance of proper style. It reads like a jumbled mess of technical jargon and random numbers.,1,"The text does not stay on topic or relate to the prompt. The initial sentence is the only part that connects to the prompt, and the rest of the text diverges into unrelated and nonsensical content.",1,The text is not interesting or engaging to read. It is confusing and does not hold the reader's attention due to its lack of coherence and relevance.,1,"The generated text is of very poor quality. It fails to meet any of the evaluation criteria effectively. The text is incoherent, irrelevant, and unengaging, making it difficult to derive any meaningful content from it.","- **Model Name**: The model name suggests it is a variant of GPT with specific attention mechanisms, but the output does not reflect any advanced language understanding or generation capabilities.
- **Norm Type**: LN (Layer Normalization) is a common technique in neural networks, but its application here does not seem to improve the text quality.
- **Variant**: AttnOnly indicates an attention-only mechanism, which should theoretically enhance the model's focus on relevant parts of the input. However, the generated text does not demonstrate this capability.
- **Prompt**: The prompt is simple and sets up a scene that could lead to various creative continuations. Unfortunately, the generated text does not build on this prompt effectively.
- **Generated Text**: The generated text is a disjointed collection of words, phrases, and numbers that do not form a coherent or relevant continuation of the prompt. It lacks creativity, coherence, fluency, relevance, and engagement.
```",shng2025/GPT-Valkyrie_LN-124m__AttnOnly__,LN,AttnOnly
1,"The text lacks any semblance of creativity or originality. It appears to be a random assortment of alphanumeric characters and symbols, with no coherent narrative or imaginative elements.",1,The text is entirely incoherent. It does not form any logical sentences or paragraphs and seems to be a jumble of unrelated codes and numbers.,1,The text is not well-written and does not adhere to any grammatical rules or stylistic conventions. It reads like a corrupted data file rather than a piece of prose.,1,The generated text does not relate to the prompt about time travel in any meaningful way. It fails to address the topic and instead presents a nonsensical string of characters.,1,The text is not engaging or interesting to read. It is confusing and does not capture the reader's attention or imagination.,1,"The generated text is of very poor quality. It does not exhibit any creativity, coherence, fluency, relevance, or engagement. It appears to be a malfunction or error in the text generation process.","- **Model Name**: The model name suggests it is a variant of GPT with attention-only mechanisms, but the output does not reflect any meaningful application of these features.
- **Norm Type**: LN (Layer Normalization) is a common technique in neural networks, but its presence does not seem to have contributed to the quality of the generated text.
- **Variant**: The ""AttnOnly"" variant implies a focus on attention mechanisms, which should theoretically improve coherence and relevance, but this is not evident in the output.
- **Prompt**: The prompt about time travel is clear and offers a wide scope for creative exploration, which the generated text fails to utilize.
- **Generated Text**: The generated text is essentially gibberish, with no discernible connection to the prompt or any coherent structure.
```",shng2025/GPT-Valkyrie_LN-124m__AttnOnly__,LN,AttnOnly
1,"The generated text lacks any semblance of creativity. It appears to be a random assortment of words, numbers, and phrases that do not form a coherent or imaginative narrative.",1,"The text is highly incoherent. It does not follow any logical structure or flow, making it difficult to understand or follow any train of thought.",1,The text is riddled with grammatical errors and nonsensical phrases. It does not adhere to any standard of proper grammar or style.,1,"The generated text is completely irrelevant to the provided prompt. It does not relate to the theme of being ""deep beneath the ocean waves"" in any meaningful way.",1,"The text is not engaging at all. It is confusing and uninteresting, failing to capture the reader's attention or interest.",1,"The generated text is of very poor quality. It fails to meet any of the evaluation criteria, resulting in a highly unsatisfactory output. The text is incoherent, irrelevant, and lacks any form of creativity or engagement.","The model name ""shng2025/GPT-Valkyrie_LN-124m__AttnOnly__"" suggests a specialized variant of a GPT model with attention-only mechanisms and layer normalization (LN). However, the generated text does not reflect the capabilities one would expect from such a model. The prompt ""Deep beneath the ocean waves"" sets a clear thematic direction, but the generated text diverges completely from this theme, indicating a significant issue with relevance and coherence. The variant and norm type do not seem to contribute positively to the text quality in this instance.
```",shng2025/GPT-Valkyrie_LN-124m__AttnOnly__,LN,AttnOnly
1,"The generated text lacks any semblance of creativity. It is filled with nonsensical phrases and random sequences of numbers and letters, which do not contribute to any imaginative or original narrative.",1,"The text is highly incoherent. It does not follow any logical structure or flow, making it impossible to understand or follow. The random insertion of numbers and technical jargon further disrupts any potential coherence.",1,The text is poorly written with numerous grammatical errors and a complete lack of proper sentence structure. The random sequences of numbers and letters make it unreadable and devoid of any fluency.,1,"The generated text is entirely irrelevant to the provided prompt. The prompt suggests a serene village setting, but the text diverges into nonsensical technical jargon and random sequences, which have no connection to the prompt.",1,"The text is not engaging at all. It is confusing, difficult to read, and does not capture the reader's interest. The lack of a coherent narrative or any meaningful content makes it unengaging.",1,"The generated text is of very poor quality. It fails to meet any of the evaluation criteria, being incoherent, irrelevant, and unengaging. The text appears to be a random assortment of technical jargon and numbers, making it unreadable and entirely disconnected from the prompt.","The model name ""shng2025/GPT-Valkyrie_LN-124m__AttnOnly__"" suggests a specialized variant of a GPT model with attention-only mechanisms and layer normalization (LN). However, the generated text does not reflect any meaningful application of these features. The prompt about a quiet village nestled among the hills sets a clear expectation for a descriptive and serene narrative, but the generated text fails to deliver on this, instead producing a nonsensical and irrelevant output. The variant ""AttnOnly"" might imply a focus on attention mechanisms, but this does not seem to have contributed positively to the text quality in this instance.
```",shng2025/GPT-Valkyrie_LN-124m__AttnOnly__,LN,AttnOnly
1,"The text lacks originality and imagination. It appears to be a random assortment of phrases, numbers, and symbols that do not form a coherent or imaginative narrative.",1,"The text is highly incoherent. It does not follow any logical structure or flow, making it difficult to understand or follow.",1,The text is poorly written with numerous grammatical errors and a lack of proper sentence structure. It reads more like a corrupted data file than a piece of prose.,1,"The text does not stay on topic or relate to the prompt. The prompt suggests a narrative or descriptive continuation, but the generated text deviates entirely from this expectation.",1,The text is not engaging or interesting to read. It is confusing and does not capture the reader's attention or interest.,1,"The generated text is of very poor quality. It fails to meet the criteria for creativity, coherence, fluency, relevance, and engagement. It appears to be a nonsensical string of words, numbers, and symbols that do not form a meaningful or readable passage.","The model name ""shng2025/GPT-Valkyrie_LN-124m__AttnOnly__"" suggests a specialized variant of a GPT model with attention-only mechanisms and layer normalization (LN). However, the generated text does not reflect the capabilities typically expected from such a model. The prompt ""The door creaked open to reveal"" sets up an expectation for a descriptive or narrative continuation, but the output is entirely irrelevant and nonsensical. This indicates a significant issue with the model's ability to generate coherent and contextually appropriate text.
```",shng2025/GPT-Valkyrie_LN-124m__AttnOnly__,LN,AttnOnly
1,"The generated text lacks any semblance of creativity. It appears to be a random assortment of characters, numbers, and nonsensical phrases, which does not align with the prompt about a legendary sword.",1,The text is highly incoherent. It does not form any logical sentences or paragraphs and fails to convey any meaningful information or narrative.,1,The text is not well-written and is riddled with grammatical errors and nonsensical sequences. It does not adhere to any standard of proper grammar or style.,1,"The text is completely irrelevant to the prompt. It does not discuss a legendary sword or any related topic, making it entirely off-topic.",1,The text is not engaging at all. It is confusing and frustrating to read due to its lack of coherence and relevance.,1,"The generated text is of very poor quality. It does not meet any of the criteria for a good response to the prompt. The text is incoherent, irrelevant, and lacks any form of creativity or engagement.","- **Model Name**: The model name suggests it is a variant of GPT with attention-only mechanisms, but the output does not reflect any meaningful application of these mechanisms.
- **Norm Type**: LN (Layer Normalization) is a common technique in neural networks, but its effectiveness is not evident in this output.
- **Variant**: The ""AttnOnly"" variant implies a focus on attention mechanisms, yet the generated text does not demonstrate any coherent attention to the prompt.
- **Prompt**: The prompt is clear and sets up an expectation for a narrative about a legendary sword.
- **Generated Text**: The generated text is a jumbled mess of characters and phrases that do not relate to the prompt in any meaningful way. It fails to provide a coherent or relevant response.",shng2025/GPT-Valkyrie_LN-124m__AttnOnly__,LN,AttnOnly
1,"The text lacks originality and imagination. It appears to be a random assortment of words, phrases, and numbers that do not form a coherent or imaginative narrative.",1,"The text is highly incoherent. It does not follow a logical structure and is filled with nonsensical sequences of words and numbers, making it difficult to understand.",1,The text is poorly written with numerous grammatical errors and lacks any semblance of proper style. The random insertion of numbers and symbols further disrupts the flow.,1,"The text does not stay on topic or relate to the prompt. The prompt asks for a description of humanity in the year 2525, but the generated text fails to address this in any meaningful way.",1,The text is not engaging or interesting to read. The lack of coherence and relevance makes it difficult for the reader to stay interested.,1,"The generated text is of very poor quality. It fails to meet the criteria of creativity, coherence, fluency, relevance, and engagement. The text appears to be a random jumble of words and numbers, making it incomprehensible and uninteresting.","The model name ""shng2025/GPT-Valkyrie_LN-124m__AttnOnly__"" suggests a specialized variant of a GPT model with attention-only mechanisms. However, the output does not reflect the capabilities one would expect from such a model. The norm type ""LN"" (likely Layer Normalization) and the variant ""AttnOnly"" (Attention Only) do not seem to contribute positively to the text generation in this instance. The prompt was clear and straightforward, asking for a depiction of humanity in the year 2525, but the generated text did not address this prompt effectively.
```",shng2025/GPT-Valkyrie_LN-124m__AttnOnly__,LN,AttnOnly
1,"The generated text lacks any semblance of creativity. It appears to be a random assortment of characters, numbers, and symbols, which does not contribute to any imaginative or original narrative.",1,"The text is entirely incoherent. It does not form any logical sentences or ideas, making it impossible to follow or understand.",1,"The text is not well-written and contains no proper grammar or style. It is a jumbled mess of characters and symbols, which does not constitute fluent writing.",1,The generated text does not stay on topic or relate to the prompt about the aroma of freshly baked bread. There is no connection between the prompt and the output.,1,The text is not engaging or interesting to read. It fails to capture any attention due to its nonsensical nature.,1,"The generated text is entirely nonsensical and does not meet any of the criteria for a quality response. It lacks creativity, coherence, fluency, relevance, and engagement. The output appears to be a malfunction or error in the text generation process.","- **Model Name**: The model name suggests it is a variant of GPT with attention-only mechanisms, but the output does not reflect any meaningful application of these features.
- **Norm Type**: LN (Layer Normalization) is a common technique in neural networks, but its effectiveness is not evident in this output.
- **Variant**: The ""AttnOnly"" variant implies a focus on attention mechanisms, yet the generated text does not demonstrate any coherent attention to the prompt.
- **Prompt**: The prompt about the aroma of freshly baked bread is clear and specific, providing a good starting point for a creative and relevant response.
- **Generated Text**: The generated text is a random assortment of characters and symbols, completely unrelated to the prompt and devoid of any meaningful content.
```",shng2025/GPT-Valkyrie_LN-124m__AttnOnly__,LN,AttnOnly
1,"The generated text lacks any semblance of creativity. It appears to be a random assortment of technical jargon and numbers, which does not align with the prompt's potential for a more imaginative or narrative-driven response.",1,The text is highly incoherent. It does not form a logical sequence of ideas or events and reads more like a corrupted data output than a meaningful piece of writing.,1,"The text is riddled with grammatical errors and lacks any discernible structure. It does not adhere to the rules of grammar or style, making it difficult to read and understand.",1,"The generated text is completely irrelevant to the prompt. The prompt suggests a narrative or emotional context, while the text provided is a nonsensical string of technical terms and numbers.",1,"The text is not engaging at all. It fails to capture the reader's interest due to its lack of coherence, relevance, and fluency. It does not provide any narrative or emotional hook to keep the reader invested.",1,"The generated text is of very poor quality. It does not meet any of the criteria for a well-written, engaging, and relevant response to the prompt. The output appears to be a malfunction or error in the text generation process.","- **Model Name**: The model name suggests it is a specialized version of GPT, but the output does not reflect any advanced capabilities.
- **Norm Type**: LN (Layer Normalization) is a common technique in neural networks, but it does not seem to have contributed to a coherent output in this case.
- **Variant**: AttnOnly indicates that the model uses attention mechanisms, which are typically used to improve the relevance and coherence of generated text. However, this output does not demonstrate those benefits.
- **Prompt**: The prompt is simple and open-ended, providing ample opportunity for a creative and coherent response.
- **Generated Text**: The generated text is a nonsensical string of technical jargon and numbers, completely unrelated to the prompt and lacking any narrative or logical structure.",shng2025/GPT-Valkyrie_LN-124m__AttnOnly__,LN,AttnOnly
1,"The text lacks originality and imagination. It appears to be a random assortment of words, numbers, and symbols that do not form a coherent or creative narrative.",1,"The text is highly incoherent. It does not follow any logical structure or flow, making it difficult to understand or follow.",1,The text is poorly written with numerous grammatical errors and nonsensical phrases. It does not adhere to any recognizable style or proper grammar.,1,"The text does not stay on topic or relate to the prompt. The prompt is about the first day of school, but the generated text does not address this theme in any meaningful way.",1,The text is not interesting or engaging to read. It is confusing and does not capture the reader's attention.,1,"The generated text is of very poor quality. It is incoherent, irrelevant, and lacks creativity, fluency, and engagement. It does not fulfill the requirements of the prompt in any meaningful way.","The model name ""shng2025/GPT-Valkyrie_LN-124m__AttnOnly__"" suggests a specialized variant of a GPT model with attention-only mechanisms and layer normalization (LN). However, the generated text does not demonstrate the expected capabilities of such a model. The prompt about the first day of school was not addressed at all, and the output was a jumbled mix of text and symbols. This indicates a significant issue with the model's ability to generate coherent and relevant text based on the given prompt.
```",shng2025/GPT-Valkyrie_LN-124m__AttnOnly__,LN,AttnOnly
1,"The generated text lacks any semblance of creativity. It appears to be a random assortment of words, numbers, and punctuation marks, with no coherent or imaginative narrative.",1,The text is highly incoherent. It does not form any logical sentences or paragraphs and fails to convey any meaningful message or story.,1,The text is not fluent at all. It is riddled with nonsensical phrases and lacks proper grammar and style. It reads more like a corrupted data file than a piece of writing.,1,"The text does not stay on topic or relate to the prompt in any meaningful way. The prompt was about a journey to the top of a mountain, but the generated text does not address this theme at all.",1,"The text is not engaging. It is confusing and frustrating to read, with no clear direction or purpose. It fails to capture the reader's interest.",1,"The generated text is of very poor quality. It does not meet any of the criteria for a well-written piece. It is incoherent, irrelevant, and lacks creativity, fluency, and engagement. Significant improvements are needed for it to be considered a meaningful response to the prompt.","The model name ""shng2025/GPT-Valkyrie_LN-124m__AttnOnly__"" suggests that this is a specialized version of a GPT model with attention-only mechanisms and layer normalization (LN). However, the output does not reflect the capabilities typically expected from such models. The norm type ""LN"" and variant ""AttnOnly"" do not seem to contribute positively to the text generation in this instance. The prompt was clear and straightforward, but the generated text failed to address it in any coherent manner. This indicates a significant issue with the model's ability to understand and respond to the prompt appropriately.
```",shng2025/GPT-Valkyrie_LN-124m__AttnOnly__,LN,AttnOnly
